id,MonthlyPrice,Currency,bedrooms,bathrooms,latitude,longitude,download_time,City,Country
87559256,1000.0,GBP,1.0,1.0,51.42411,-0.054950000000000006,2020-10-04 12:09:00.062859,London,UK
72990621,1000.0,GBP,1.0,1.0,51.5341,-0.20195,2020-10-04 12:09:00.062859,London,UK
70875120,1057.0,GBP,3.0,1.0,51.52594000000001,-0.16263000000000002,2020-10-04 12:09:00.062859,London,UK
83795935,1000.0,GBP,,1.0,51.456526,-0.20010899999999998,2020-10-04 12:09:00.062859,London,UK
72973739,1040.0,GBP,,,51.54973,-0.18331000000000008,2020-10-04 12:09:00.062859,London,UK
97678958,1000.0,GBP,1.0,6.0,51.511684,-0.013462,2020-10-04 12:09:00.062859,London,UK
97279565,1050.0,GBP,1.0,,51.59472,-0.17400000000000002,2020-10-04 12:09:00.062859,London,UK
97392848,1050.0,GBP,1.0,,51.49122,0.06459000000000001,2020-10-04 12:09:00.062859,London,UK
97907252,1075.0,GBP,1.0,1.0,51.43449,-0.11782000000000001,2020-10-04 12:09:00.062859,London,UK
84399241,1083.0,GBP,,1.0,51.50357,-0.27988,2020-10-04 12:09:00.062859,London,UK
82196023,1096.0,GBP,,1.0,51.54874,-0.164383,2020-10-04 12:09:00.062859,London,UK
73479342,1040.0,GBP,,1.0,51.510379,-0.193541,2020-10-04 12:09:00.062859,London,UK
96190007,1083.0,GBP,1.0,,51.59434,-0.14962,2020-10-04 12:09:00.062859,London,UK
83506477,1050.0,GBP,,1.0,51.50866,-0.25022,2020-10-04 12:09:00.062859,London,UK
97975829,1090.0,GBP,,1.0,51.514788,-0.183845,2020-10-04 12:09:00.062859,London,UK
89536358,1000.0,GBP,1.0,,51.65264000000001,-0.0728,2020-10-04 12:09:00.062859,London,UK
96032744,1000.0,GBP,,,51.513724,-0.17827,2020-10-04 12:09:00.062859,London,UK
83226917,1040.0,GBP,,1.0,51.54973,-0.18331000000000008,2020-10-04 12:09:00.062859,London,UK
82187572,1495.0,GBP,1.0,1.0,51.5136,-0.13469,2020-10-04 12:09:00.062859,London,UK
85315225,1000.0,GBP,1.0,1.0,51.48439000000001,0.078306,2020-10-04 12:09:00.062859,London,UK
72803691,1000.0,GBP,,1.0,51.5044,-0.22827399999999998,2020-10-04 12:09:00.062859,London,UK
97750106,1040.0,GBP,,,51.5499,-0.18272,2020-10-04 12:09:00.062859,London,UK
72592611,1019.0,GBP,,1.0,51.535097,-0.13911199999999999,2020-10-04 12:09:00.062859,London,UK
82780999,1000.0,GBP,1.0,1.0,51.501595,-0.117574,2020-10-04 12:09:00.062859,London,UK
85053751,1050.0,GBP,,1.0,51.596312,-0.25298000000000004,2020-10-04 12:09:00.062859,London,UK
71413164,1025.0,GBP,,1.0,51.53231,-0.217944,2020-10-04 12:09:00.062859,London,UK
85111714,1096.0,GBP,,1.0,51.51563400000001,-0.165079,2020-10-04 12:09:00.062859,London,UK
83037445,1000.0,GBP,1.0,1.0,51.60481,-0.147761,2020-10-04 12:09:00.062859,London,UK
97671389,1075.0,GBP,1.0,,51.56559,0.0073500000000000015,2020-10-04 12:09:00.062859,London,UK
79837534,1000.0,GBP,,1.0,51.45905,-0.036050000000000006,2020-10-04 12:09:00.062859,London,UK
71426224,1000.0,GBP,,1.0,51.533847,-0.218806,2020-10-04 12:09:00.062859,London,UK
54273687,1040.0,GBP,,,51.54973,-0.18331000000000008,2020-10-04 12:09:00.062859,London,UK
72814349,1005.0,GBP,,,51.5499,-0.18272,2020-10-04 12:09:00.062859,London,UK
96896288,1050.0,GBP,,1.0,51.59393,-0.25156,2020-10-04 12:09:00.062859,London,UK
71683648,1000.0,GBP,1.0,,51.47372,-0.09143,2020-10-04 12:09:00.062859,London,UK
64651981,1050.0,GBP,1.0,1.0,51.400122,-0.081388,2020-10-04 12:09:00.062859,London,UK
80197162,1050.0,GBP,1.0,1.0,51.49005800000001,-0.17480199999999999,2020-10-04 12:09:00.062859,London,UK
73669215,1068.0,GBP,,,51.52484000000001,-0.16138000000000002,2020-10-04 12:09:00.062859,London,UK
58161190,1075.0,GBP,,1.0,51.596018,-0.176175,2020-10-04 12:09:00.062859,London,UK
97344041,1024.0,GBP,1.0,1.0,51.49024,-0.06237,2020-10-04 12:09:00.062859,London,UK
82758536,1018.0,GBP,,1.0,51.54973,-0.18331000000000008,2020-10-04 12:09:00.062859,London,UK
95369429,1597.0,GBP,1.0,,51.51507,-0.01476,2020-10-04 12:09:00.062859,London,UK
84456404,1000.0,GBP,1.0,,51.59091,-0.26626,2020-10-04 12:09:00.062859,London,UK
85779164,1001.0,GBP,,1.0,51.58502,-0.10063,2020-10-04 12:09:00.062859,London,UK
82623739,1062.0,GBP,,1.0,51.540714,-0.183539,2020-10-04 12:09:00.062859,London,UK
83797432,1096.0,GBP,1.0,1.0,51.492744,-0.046997,2020-10-04 12:09:00.062859,London,UK
73153032,1096.0,GBP,1.0,1.0,51.59426,-0.018090000000000002,2020-10-04 12:09:00.062859,London,UK
82134448,1084.0,GBP,,1.0,51.492143,-0.167623,2020-10-04 12:09:00.062859,London,UK
83129786,1049.0,GBP,,1.0,51.54973,-0.18331000000000008,2020-10-04 12:09:00.062859,London,UK
84031699,1018.0,GBP,,,51.51681,-0.1888,2020-10-04 12:09:00.062859,London,UK
72005832,1083.0,GBP,2.0,1.0,51.58126,-0.11359000000000001,2020-10-04 12:09:00.062859,London,UK
85388263,1098.0,GBP,1.0,1.0,51.42062,-0.134455,2020-10-04 12:09:00.062859,London,UK
73751241,1000.0,GBP,1.0,1.0,51.587677,-0.036953,2020-10-04 12:09:00.062859,London,UK
70431141,1023.0,GBP,4.0,1.0,51.47212,-0.17761000000000002,2020-10-04 12:09:00.062859,London,UK
70430883,1075.0,GBP,3.0,2.0,51.52244,-0.20991,2020-10-04 12:09:00.062859,London,UK
85058422,1000.0,GBP,1.0,1.0,51.57385,0.01912,2020-10-04 12:09:00.062859,London,UK
98018519,1036.0,GBP,1.0,1.0,51.51556400000001,-0.06789099999999999,2020-10-04 12:09:00.062859,London,UK
98014361,1000.0,GBP,1.0,1.0,51.415743,-0.19055,2020-10-04 12:09:00.062859,London,UK
85275070,1000.0,GBP,1.0,1.0,51.586079,-0.056170000000000005,2020-10-04 12:09:00.062859,London,UK
96057989,1018.0,GBP,,1.0,51.51742,-0.11916000000000004,2020-10-04 12:09:00.062859,London,UK
95381372,1050.0,GBP,1.0,1.0,51.52999000000001,-0.033740000000000006,2020-10-04 12:09:00.062859,London,UK
93201788,1000.0,GBP,1.0,1.0,51.510589,0.053441999999999996,2020-10-04 12:09:00.062859,London,UK
72838515,1050.0,GBP,,,51.54709,0.01649,2020-10-04 12:09:00.062859,London,UK
81829468,1000.0,GBP,6.0,3.0,51.58723,-0.234796,2020-10-04 12:09:00.062859,London,UK
82276483,1083.0,GBP,,1.0,51.55192,-0.167459,2020-10-04 12:09:00.062859,London,UK
97263230,1057.0,GBP,2.0,2.0,51.46701,-0.16701000000000002,2020-10-04 12:09:00.062859,London,UK
65405498,1095.0,GBP,1.0,1.0,51.473789,-0.212876,2020-10-04 12:09:00.062859,London,UK
82131625,1050.0,GBP,,1.0,51.5729,-0.19883,2020-10-04 12:09:00.062859,London,UK
73470552,1000.0,GBP,,1.0,51.585815,-0.021176,2020-10-04 12:09:00.062859,London,UK
97974479,1000.0,GBP,1.0,,51.46656,-0.04955,2020-10-04 12:09:00.062859,London,UK
84450874,1000.0,GBP,,1.0,51.48484000000001,0.00236,2020-10-04 12:09:00.062859,London,UK
97894640,1050.0,GBP,,,51.489249,-0.266801,2020-10-04 12:09:00.062859,London,UK
96461501,1050.0,GBP,1.0,1.0,51.62432,-0.12326,2020-10-04 12:09:00.062859,London,UK
70430421,1040.0,GBP,4.0,2.0,51.51785,-0.19178,2020-10-04 12:09:00.062859,London,UK
97630487,1018.0,GBP,,1.0,51.58672,-0.22095,2020-10-04 12:09:00.062859,London,UK
70429497,1023.0,GBP,3.0,1.0,51.52625,-0.09803,2020-10-04 12:09:00.062859,London,UK
84202888,1842.0,GBP,1.0,1.0,51.517246,-0.118975,2020-10-04 12:09:00.062859,London,UK
96991067,1075.0,GBP,,1.0,51.60424,-0.19601,2020-10-04 12:09:00.062859,London,UK
84097429,1000.0,GBP,1.0,1.0,51.53568,-0.244023,2020-10-04 12:09:00.062859,London,UK
79237756,1075.0,GBP,1.0,1.0,51.42585,-0.138254,2020-10-04 12:09:00.062859,London,UK
98022527,1025.0,GBP,1.0,,51.51272,-0.06804,2020-10-04 12:09:00.062859,London,UK
83977240,1000.0,GBP,,1.0,51.40712,-0.11058499999999999,2020-10-04 12:09:00.062859,London,UK
97958000,1083.0,GBP,,1.0,51.49229,-0.16744,2020-10-04 12:09:00.062859,London,UK
72985218,1018.0,GBP,,1.0,51.49253,-0.13703,2020-10-04 12:09:00.062859,London,UK
92739476,1040.0,GBP,,,51.55086,-0.19278,2020-10-04 12:09:00.062859,London,UK
71388389,1040.0,GBP,,1.0,51.49829,-0.21244000000000002,2020-10-04 12:09:00.062859,London,UK
80949763,1040.0,GBP,,1.0,51.493799,-0.175533,2020-10-04 12:09:00.062859,London,UK
24625487,1000.0,GBP,1.0,1.0,51.59861,-0.014730000000000004,2020-10-04 12:09:00.062859,London,UK
89284601,1010.0,GBP,1.0,,51.58685,-0.04224000000000002,2020-10-04 12:09:00.062859,London,UK
83894221,1000.0,GBP,1.0,1.0,51.50175,0.111076,2020-10-04 12:09:00.062859,London,UK
95964962,1083.0,GBP,,1.0,51.493135,-0.195722,2020-10-04 12:09:00.062859,London,UK
84402583,1083.0,GBP,,1.0,51.49967,-0.25618,2020-10-04 12:09:00.062859,London,UK
84995623,1062.0,GBP,1.0,,51.5541,-0.241215,2020-10-04 12:09:00.062859,London,UK
52661254,1062.0,GBP,,,51.495075,-0.203077,2020-10-04 12:09:00.062859,London,UK
72798771,1000.0,GBP,1.0,1.0,51.51993,-0.13563,2020-10-04 12:09:00.062859,London,UK
97671005,1096.0,GBP,,1.0,51.536873,-0.23835399999999998,2020-10-04 12:09:00.062859,London,UK
70430100,1040.0,GBP,5.0,1.0,51.55239,-0.12940000000000002,2020-10-04 12:09:00.062859,London,UK
97848719,1050.0,GBP,,1.0,51.5484,-0.05543000000000002,2020-10-04 12:09:00.062859,London,UK
85058134,1000.0,GBP,,1.0,51.49809000000001,-0.02068,2020-10-04 12:09:00.062859,London,UK
84339223,1001.0,GBP,,1.0,51.580719,-0.253093,2020-10-04 12:09:00.062859,London,UK
72930614,1018.0,GBP,,,51.54973,-0.18331000000000008,2020-10-04 12:09:00.062859,London,UK
82429997,1018.0,GBP,,,51.54973,-0.18331000000000008,2020-10-04 12:09:00.062859,London,UK
95320658,1040.0,GBP,1.0,,51.4402,-0.0134,2020-10-04 12:09:00.062859,London,UK
90995180,1062.0,GBP,,1.0,51.49586,-0.18891,2020-10-04 12:09:00.062859,London,UK
97345826,1083.0,GBP,,1.0,51.52614000000001,-0.12442000000000004,2020-10-04 12:09:00.062859,London,UK
85276648,1083.0,GBP,,1.0,51.54992,-0.19008000000000005,2020-10-04 12:09:00.062859,London,UK
97058369,1075.0,GBP,1.0,1.0,51.49301,0.07014000000000001,2020-10-04 12:09:00.062859,London,UK
73065792,1050.0,GBP,1.0,,51.50171,0.07126,2020-10-04 12:09:00.062859,London,UK
93030806,1044.0,GBP,1.0,1.0,51.439315,-0.053977,2020-10-04 12:09:00.062859,London,UK
73704399,1000.0,GBP,,1.0,51.561986,-0.073391,2020-10-04 12:09:00.062859,London,UK
85168966,1060.0,GBP,2.0,1.0,51.52883,-0.12964,2020-10-04 12:09:00.062859,London,UK
70430517,1005.0,GBP,3.0,1.0,51.49526,-0.18475000000000005,2020-10-04 12:09:00.062859,London,UK
71115315,1083.0,GBP,,1.0,51.469589,-0.113898,2020-10-04 12:09:00.062859,London,UK
70493117,1050.0,GBP,,1.0,51.58406,-0.01475,2020-10-04 12:09:00.062859,London,UK
85009993,1000.0,GBP,1.0,1.0,51.42838,-0.057905999999999985,2020-10-04 12:09:00.062859,London,UK
73091943,1096.0,GBP,1.0,1.0,51.519449,-0.263065,2020-10-04 12:09:00.062859,London,UK
72813374,1036.0,GBP,,,51.54973,-0.18331000000000008,2020-10-04 12:09:00.062859,London,UK
83036419,3250.0,GBP,3.0,2.0,51.501037,-0.214938,2020-10-04 12:09:00.062859,London,UK
83348566,1000.0,GBP,1.0,,51.5796,0.024280000000000003,2020-10-04 12:09:00.062859,London,UK
70431006,1083.0,GBP,5.0,2.0,51.48207,-0.22215,2020-10-04 12:09:00.062859,London,UK
97083977,1018.0,GBP,,,51.5495,-0.12879000000000002,2020-10-04 12:09:00.062859,London,UK
72775233,1000.0,GBP,1.0,1.0,51.63451,-0.047990000000000005,2020-10-04 12:09:00.062859,London,UK
93704405,1025.0,GBP,1.0,,51.572,0.02178,2020-10-04 12:09:00.062859,London,UK
82501444,1000.0,GBP,,1.0,51.51504,-0.19074000000000002,2020-10-04 12:09:00.062859,London,UK
96748127,1075.0,GBP,1.0,1.0,51.42654,-0.13980599999999999,2020-10-04 12:09:00.062859,London,UK
70867896,1005.0,GBP,3.0,1.0,51.54545,-0.12867,2020-10-04 12:09:00.062859,London,UK
97528721,1049.0,GBP,,1.0,51.51654,-0.0761,2020-10-04 12:09:00.062859,London,UK
97264475,1092.0,GBP,5.0,1.0,51.4979,-0.16376000000000002,2020-10-04 12:09:00.062859,London,UK
70526847,1062.0,GBP,,1.0,51.524704,-0.16070399999999999,2020-10-04 12:09:00.062859,London,UK
97817756,1000.0,GBP,1.0,1.0,51.424965,-0.025133000000000003,2020-10-04 12:09:00.062859,London,UK
67893169,1050.0,GBP,1.0,1.0,51.560124,-0.115597,2020-10-04 12:09:00.062859,London,UK
97956734,1025.0,GBP,,1.0,51.50729000000001,-0.23701000000000005,2020-10-04 12:09:00.062859,London,UK
96773369,1000.0,GBP,,1.0,51.57649,-0.21601,2020-10-04 12:09:00.062859,London,UK
97708979,1050.0,GBP,,,51.492881,0.066468,2020-10-04 12:09:00.062859,London,UK
83231248,1083.0,GBP,,1.0,51.551845,-0.224698,2020-10-04 12:09:00.062859,London,UK
97900010,1000.0,GBP,1.0,1.0,51.59729,0.020730000000000002,2020-10-04 12:09:00.062859,London,UK
73130880,1083.0,GBP,,1.0,51.516946,-0.188639,2020-10-04 12:09:00.062859,London,UK
97006199,1095.0,GBP,,1.0,51.60424,-0.19601,2020-10-04 12:09:00.062859,London,UK
70430262,1083.0,GBP,4.0,1.0,51.55239,-0.12940000000000002,2020-10-04 12:09:00.062859,London,UK
96851087,1000.0,GBP,1.0,,51.439562,-0.10095499999999999,2020-10-04 12:09:00.062859,London,UK
82131805,1000.0,GBP,,,51.55049,-0.16842000000000001,2020-10-04 12:09:00.062859,London,UK
71788386,1083.0,GBP,,1.0,51.551311,-0.224821,2020-10-04 12:09:00.062859,London,UK
50673414,1025.0,GBP,1.0,1.0,51.605545,-0.077736,2020-10-04 12:09:00.062859,London,UK
97095875,1000.0,GBP,1.0,1.0,51.398784,-0.07764700000000001,2020-10-04 12:09:00.062859,London,UK
96893504,1050.0,GBP,,,51.55418,-0.21573,2020-10-04 12:09:00.062859,London,UK
73537686,1096.0,GBP,1.0,1.0,51.600182,-0.181732,2020-10-04 12:09:00.062859,London,UK
97771751,1000.0,GBP,1.0,1.0,51.4244,-0.18785,2020-10-04 12:09:00.062859,London,UK
97049720,1083.0,GBP,,1.0,51.513416,-0.206506,2020-10-04 12:09:00.062859,London,UK
73323777,1040.0,GBP,1.0,1.0,51.59683,-0.24727,2020-10-04 12:09:00.062859,London,UK
73264005,1096.0,GBP,1.0,1.0,51.59897,-0.183367,2020-10-04 12:09:00.062859,London,UK
78394084,1000.0,GBP,,1.0,51.55049,-0.16842000000000001,2020-10-04 12:09:00.062859,London,UK
85275130,1049.0,GBP,,1.0,51.453162,-0.14586000000000002,2020-10-04 12:09:00.062859,London,UK
73669830,1065.0,GBP,,,51.52484000000001,-0.16138000000000002,2020-10-04 12:09:00.062859,London,UK
95413988,1050.0,GBP,1.0,,51.44733,-0.19644,2020-10-04 12:09:00.062859,London,UK
61791311,1062.0,GBP,1.0,1.0,51.61866,-0.23978000000000002,2020-10-04 12:09:00.062859,London,UK
85303597,1000.0,GBP,,1.0,51.52604,-0.024863999999999997,2020-10-04 12:09:00.062859,London,UK
82692631,1020.0,GBP,1.0,1.0,51.42073,-0.16297,2020-10-04 12:09:00.062859,London,UK
96168209,1075.0,GBP,1.0,1.0,51.66161,-0.102116,2020-10-04 12:09:00.062859,London,UK
73604271,1083.0,GBP,,,51.492382,-0.136824,2020-10-04 12:09:00.062859,London,UK
72318663,1083.0,GBP,1.0,1.0,51.562557,-0.197562,2020-10-04 12:09:00.062859,London,UK
73227411,1040.0,GBP,,1.0,51.488975,-0.193846,2020-10-04 12:09:00.062859,London,UK
97039679,1062.0,GBP,,,51.55356,-0.19418,2020-10-04 12:09:00.062859,London,UK
71683266,1075.0,GBP,,1.0,51.46451,0.0027700000000000003,2020-10-04 12:09:00.062859,London,UK
82442864,1040.0,GBP,,,51.5499,-0.18272,2020-10-04 12:09:00.062859,London,UK
97987412,1993.0,GBP,1.0,1.0,51.471817,-0.187802,2020-10-04 12:09:00.062859,London,UK
97388177,1040.0,GBP,1.0,,51.591662,-0.224304,2020-10-04 12:09:00.062859,London,UK
82123513,1095.0,GBP,1.0,1.0,51.41589000000001,-0.072015,2020-10-04 12:09:00.062859,London,UK
98011871,1000.0,GBP,,1.0,51.548981,-0.167924,2020-10-04 12:09:00.062859,London,UK
72470229,1040.0,GBP,,1.0,51.58423,-0.144681,2020-10-04 12:09:00.062859,London,UK
81912664,1000.0,GBP,,1.0,51.5108,-0.28516,2020-10-04 12:09:00.062859,London,UK
72986268,1049.0,GBP,,1.0,51.590529,-0.159297,2020-10-04 12:09:00.062859,London,UK
96893831,1000.0,GBP,2.0,1.0,51.48481,0.10146000000000001,2020-10-04 12:09:00.062859,London,UK
84758989,1083.0,GBP,,1.0,51.524601,-0.16910899999999998,2020-10-04 12:09:00.062859,London,UK
92196812,1040.0,GBP,1.0,1.0,51.47446,-0.12611,2020-10-04 12:09:00.062859,London,UK
73223646,1000.0,GBP,1.0,,51.46835,-0.01693,2020-10-04 12:09:00.062859,London,UK
97994909,1000.0,GBP,,1.0,51.574455,-0.10039,2020-10-04 12:09:00.062859,London,UK
73468770,1000.0,GBP,1.0,1.0,51.429406,-0.129461,2020-10-04 12:09:00.062859,London,UK
72009873,1018.0,GBP,,1.0,51.49253,-0.13703,2020-10-04 12:09:00.062859,London,UK
97275104,1000.0,GBP,,1.0,51.55271,-0.0499,2020-10-04 12:09:00.062859,London,UK
96146693,1040.0,GBP,,1.0,51.491657,-0.189476,2020-10-04 12:09:00.062859,London,UK
71989539,1096.0,GBP,,1.0,51.461639,-0.122864,2020-10-04 12:09:00.062859,London,UK
96129668,1000.0,GBP,,1.0,51.51994000000001,-0.22298,2020-10-04 12:09:00.062859,London,UK
74991677,1001.0,GBP,1.0,1.0,51.47589,-0.04814,2020-10-04 12:09:00.062859,London,UK
85093171,1083.0,GBP,,1.0,51.493515,-0.186656,2020-10-04 12:09:00.062859,London,UK
82242277,1040.0,GBP,,1.0,51.57049,-0.14251,2020-10-04 12:09:00.062859,London,UK
70875123,1092.0,GBP,3.0,1.0,51.52295,-0.15597000000000005,2020-10-04 12:09:00.062859,London,UK
81650542,1050.0,GBP,1.0,1.0,51.54499000000001,0.025602,2020-10-04 12:09:00.062859,London,UK
70429332,1057.0,GBP,3.0,1.0,51.49549,-0.1944,2020-10-04 12:09:00.062859,London,UK
62955468,1083.0,GBP,1.0,1.0,51.49191,-0.20693000000000009,2020-10-04 12:09:00.062859,London,UK
97142096,1050.0,GBP,1.0,1.0,51.43374,0.024010000000000004,2020-10-04 12:09:00.062859,London,UK
72676104,1000.0,GBP,1.0,,51.57048,-0.021,2020-10-04 12:09:00.062859,London,UK
73614897,1079.0,GBP,,1.0,51.531301,-0.087212,2020-10-04 12:09:00.062859,London,UK
97088369,1050.0,GBP,1.0,,51.54339,-0.1178,2020-10-04 12:09:00.062859,London,UK
96205856,1050.0,GBP,1.0,1.0,51.41868,-0.05288,2020-10-04 12:09:00.062859,London,UK
95187281,1250.0,GBP,1.0,1.0,51.56598,-0.12451,2020-10-04 12:09:00.062859,London,UK
84833635,1075.0,GBP,1.0,1.0,51.44362,-0.12636,2020-10-04 12:09:00.062859,London,UK
83699422,1084.0,GBP,,1.0,51.48878300000001,-0.157432,2020-10-04 12:09:00.062859,London,UK
73263222,1083.0,GBP,1.0,1.0,51.498919,-0.079015,2020-10-04 12:09:00.062859,London,UK
96891668,1000.0,GBP,1.0,1.0,51.48086,-0.04995,2020-10-04 12:09:00.062859,London,UK
89284613,1005.0,GBP,1.0,,51.58685,-0.04224000000000002,2020-10-04 12:09:00.062859,London,UK
97760717,1090.0,GBP,,1.0,51.574394,-0.14158199999999999,2020-10-04 12:09:00.062859,London,UK
85354231,1035.0,GBP,,1.0,51.5566,-0.21628000000000008,2020-10-04 12:09:00.062859,London,UK
85058947,1000.0,GBP,,1.0,51.48912,-0.09295,2020-10-04 12:09:00.062859,London,UK
54125304,1040.0,GBP,,,51.54973,-0.18331000000000008,2020-10-04 12:09:00.062859,London,UK
84407911,1062.0,GBP,,,51.579891,-0.105764,2020-10-04 12:09:00.062859,London,UK
70867938,1023.0,GBP,3.0,1.0,51.52216,-0.2092,2020-10-04 12:09:00.062859,London,UK
72141030,1096.0,GBP,1.0,1.0,51.549896,-0.25308,2020-10-04 12:09:00.062859,London,UK
96858644,1083.0,GBP,,1.0,51.545495,-0.17555199999999999,2020-10-04 12:09:00.062859,London,UK
81550420,1300.0,GBP,1.0,1.0,51.502626,-0.222138,2020-10-04 12:09:00.062859,London,UK
93971420,1019.0,GBP,,1.0,51.492244,-0.136953,2020-10-04 12:09:00.062859,London,UK
70431216,1040.0,GBP,4.0,1.0,51.50827,-0.19461,2020-10-04 12:09:00.062859,London,UK
73640595,1000.0,GBP,,1.0,51.46835,-0.01693,2020-10-04 12:09:00.062859,London,UK
97264640,1023.0,GBP,3.0,1.0,51.47211,-0.18265,2020-10-04 12:09:00.062859,London,UK
84723358,1050.0,GBP,1.0,1.0,51.52548,-0.170175,2020-10-04 12:09:00.062859,London,UK
95902217,1083.0,GBP,,,51.49899,-0.19339,2020-10-04 12:09:00.062859,London,UK
72068130,1000.0,GBP,1.0,,51.65192,-0.07297000000000001,2020-10-04 12:09:00.062859,London,UK
72960942,1080.0,GBP,,1.0,51.47797,-0.12092,2020-10-04 12:09:00.062859,London,UK
97312937,1050.0,GBP,1.0,,51.59783,-0.2478100000000001,2020-10-04 12:09:00.062859,London,UK
83567044,1000.0,GBP,1.0,,51.423012,-0.111475,2020-10-04 12:09:00.062859,London,UK
97806854,1050.0,GBP,1.0,,51.40781,-0.1039,2020-10-04 12:09:00.062859,London,UK
81670783,1712.0,GBP,2.0,1.0,51.514805,-0.181658,2020-10-04 12:09:00.062859,London,UK
75002650,1000.0,GBP,1.0,1.0,51.55001,0.045320000000000006,2020-10-04 12:09:00.062859,London,UK
73637979,1000.0,GBP,1.0,1.0,51.47672,-0.2142,2020-10-04 12:09:00.062859,London,UK
85033501,1000.0,GBP,,1.0,51.585656,-0.021158,2020-10-04 12:09:00.062859,London,UK
72775773,1001.0,GBP,,,51.54615,-0.20782,2020-10-04 12:09:00.062859,London,UK
83464684,1050.0,GBP,1.0,1.0,51.566126,0.0009119999999999999,2020-10-04 12:09:00.062859,London,UK
97952468,1000.0,GBP,,1.0,51.41427,-0.19314,2020-10-04 12:09:00.062859,London,UK
98023832,1036.0,GBP,1.0,1.0,51.487076,0.015156,2020-10-04 12:09:00.062859,London,UK
69433539,1000.0,GBP,,,51.55049,-0.16842000000000001,2020-10-04 12:09:00.062859,London,UK
97761269,1000.0,GBP,1.0,1.0,51.63409,-0.07127,2020-10-04 12:09:00.062859,London,UK
96501185,1000.0,GBP,,1.0,51.58258,-0.22645,2020-10-04 12:09:00.062859,London,UK
85253209,1000.0,GBP,,1.0,51.444656,-0.023681,2020-10-04 12:09:00.062859,London,UK
96292508,1050.0,GBP,,1.0,51.45555,-0.12429000000000001,2020-10-04 12:09:00.062859,London,UK
73705470,1025.0,GBP,1.0,1.0,51.57671,-0.01179,2020-10-04 12:09:00.062859,London,UK
72071196,1040.0,GBP,,1.0,51.54973,-0.18331000000000008,2020-10-04 12:09:00.062859,London,UK
78396658,1000.0,GBP,,,51.55049,-0.16842000000000001,2020-10-04 12:09:00.062859,London,UK
72012201,1018.0,GBP,,,51.492382,-0.136824,2020-10-04 12:09:00.062859,London,UK
51684561,1089.0,GBP,,1.0,51.522758,-0.212886,2020-10-04 12:09:00.062859,London,UK
82560094,1083.0,GBP,,,51.492715,-0.167142,2020-10-04 12:09:00.062859,London,UK
96772895,1080.0,GBP,2.0,1.0,51.47554,0.02528,2020-10-04 12:09:00.062859,London,UK
97661357,1083.0,GBP,,,51.52524,-0.18745,2020-10-04 12:09:00.062859,London,UK
70429173,1057.0,GBP,3.0,1.0,51.47291,-0.1819,2020-10-04 12:09:00.062859,London,UK
70431066,1062.0,GBP,4.0,1.0,51.48046,-0.18188,2020-10-04 12:09:00.062859,London,UK
72902511,1083.0,GBP,,1.0,51.518318,-0.16666,2020-10-04 12:09:00.062859,London,UK
97616012,1050.0,GBP,1.0,1.0,51.615257,-0.236617,2020-10-04 12:09:00.062859,London,UK
67744332,1083.0,GBP,,1.0,51.495616,-0.19478199999999998,2020-10-04 12:09:00.062859,London,UK
97814603,1095.0,GBP,1.0,1.0,51.62759000000001,-0.100273,2020-10-04 12:09:00.062859,London,UK
97572578,1040.0,GBP,1.0,,51.54645,-0.22771,2020-10-04 12:09:00.062859,London,UK
95764817,1062.0,GBP,,1.0,51.54327,-0.14995999999999998,2020-10-04 12:09:00.062859,London,UK
84097588,1040.0,GBP,,,51.57049,-0.14251,2020-10-04 12:09:00.062859,London,UK
96097595,1096.0,GBP,,1.0,51.566208,-0.146931,2020-10-04 12:09:00.062859,London,UK
73192539,1018.0,GBP,,1.0,51.545574,-0.175223,2020-10-04 12:09:00.062859,London,UK
85163881,1350.0,GBP,2.0,,51.614395,-0.05724600000000001,2020-10-04 12:09:00.062859,London,UK
34650758,1018.0,GBP,,,51.52784000000001,-0.05212000000000002,2020-10-04 12:09:00.062859,London,UK
73642362,1062.0,GBP,,1.0,51.553643,-0.194129,2020-10-04 12:09:00.062859,London,UK
70431456,1057.0,GBP,3.0,1.0,51.49409,-0.20281,2020-10-04 12:09:00.062859,London,UK
73694841,1083.0,GBP,1.0,1.0,51.49414,-0.24127,2020-10-04 12:09:00.062859,London,UK
83896834,1001.0,GBP,,1.0,51.49278,-0.24971,2020-10-04 12:09:00.062859,London,UK
98024129,1062.0,GBP,1.0,1.0,51.495338,-0.13163,2020-10-04 12:09:00.062859,London,UK
73336053,1035.0,GBP,,,51.55591,-0.21682,2020-10-04 12:09:00.062859,London,UK
85114885,1062.0,GBP,,1.0,51.495083,-0.210979,2020-10-04 12:09:00.062859,London,UK
72928893,1018.0,GBP,1.0,,51.51107,-0.03338,2020-10-04 12:09:00.062859,London,UK
78402880,1000.0,GBP,,,51.55049,-0.16842000000000001,2020-10-04 12:09:00.062859,London,UK
97718030,1062.0,GBP,,1.0,51.49509000000001,-0.20305,2020-10-04 12:09:00.062859,London,UK
73296198,1000.0,GBP,1.0,1.0,51.5916,-0.03063,2020-10-04 12:09:00.062859,London,UK
55150613,1000.0,GBP,1.0,1.0,51.58995,-0.00255,2020-10-04 12:09:00.062859,London,UK
95178140,1001.0,GBP,1.0,1.0,51.48399000000001,-0.04909,2020-10-04 12:09:00.062859,London,UK
72923469,1050.0,GBP,,1.0,51.51994000000001,-0.22298,2020-10-04 12:09:00.062859,London,UK
85281805,1080.0,GBP,1.0,1.0,51.47115,-0.10464000000000001,2020-10-04 12:09:00.062859,London,UK
97918778,1000.0,GBP,,1.0,51.435655,-0.119492,2020-10-04 12:09:00.062859,London,UK
85329664,1180.0,GBP,,1.0,51.59687,-0.25382000000000005,2020-10-04 12:09:00.062859,London,UK
96868286,1018.0,GBP,,,51.5495,-0.12879000000000002,2020-10-04 12:09:00.062859,London,UK
82411759,1050.0,GBP,2.0,1.0,51.55721,-0.108109,2020-10-04 12:09:00.062859,London,UK
82867672,1083.0,GBP,,,51.519647,-0.215493,2020-10-04 12:09:00.062859,London,UK
97982177,1083.0,GBP,,1.0,51.51205,-0.187488,2020-10-04 12:09:00.062859,London,UK
85406740,1075.0,GBP,,1.0,51.436734,-0.148111,2020-10-04 12:09:00.062859,London,UK
96500996,1000.0,GBP,,1.0,51.58258,-0.22645,2020-10-04 12:09:00.062859,London,UK
95416997,1000.0,GBP,,1.0,51.533973,-0.218692,2020-10-04 12:09:00.062859,London,UK
12895824,1001.0,GBP,1.0,,51.56372,-0.13527999999999998,2020-10-04 12:09:00.062859,London,UK
97558001,1050.0,GBP,,1.0,51.549567,-0.20502,2020-10-04 12:09:00.062859,London,UK
73749231,1062.0,GBP,,1.0,51.52614000000001,-0.12442000000000004,2020-10-04 12:09:00.062859,London,UK
97960085,1050.0,GBP,,1.0,51.58263,-0.20004,2020-10-04 12:09:00.062859,London,UK
85329550,1020.0,GBP,,1.0,51.5966,-0.25414000000000003,2020-10-04 12:09:00.062859,London,UK
85152199,1018.0,GBP,,,51.61157,-0.24655,2020-10-04 12:09:00.062859,London,UK
72122520,1040.0,GBP,,1.0,51.54292,-0.19064,2020-10-04 12:09:00.062859,London,UK
85376473,1049.0,GBP,,1.0,51.502441,-0.222252,2020-10-04 12:09:00.062859,London,UK
97677950,1050.0,GBP,,1.0,51.4162,-0.04968,2020-10-04 12:09:00.062859,London,UK
73218471,1001.0,GBP,,1.0,51.521408,-0.047722,2020-10-04 12:09:00.062859,London,UK
96552467,1083.0,GBP,,,51.49411,-0.19776,2020-10-04 12:09:00.062859,London,UK
85097770,1000.0,GBP,,1.0,51.565574,-0.258943,2020-10-04 12:09:00.062859,London,UK
73779651,1053.0,GBP,6.0,4.0,51.45632,-0.157783,2020-10-04 12:09:00.062859,London,UK
67704559,1083.0,GBP,,1.0,51.55516400000001,-0.15548,2020-10-04 12:09:00.062859,London,UK
84620260,1000.0,GBP,1.0,1.0,51.49146,0.06552999999999999,2020-10-04 12:09:00.062859,London,UK
97414571,1083.0,GBP,,1.0,51.48686,-0.2234,2020-10-04 12:09:00.062859,London,UK
73590466,1050.0,GBP,,,51.45319,-0.145839,2020-10-04 12:09:00.062859,London,UK
31126174,1075.0,GBP,1.0,,51.53581,-0.07716,2020-10-04 12:09:00.062859,London,UK
70430232,1062.0,GBP,3.0,1.0,51.49515,-0.20147,2020-10-04 12:09:00.062859,London,UK
98016383,1070.0,GBP,1.0,1.0,51.526241,-0.209224,2020-10-04 12:09:00.062859,London,UK
96187835,1083.0,GBP,,1.0,51.547389,-0.176226,2020-10-04 12:09:00.062859,London,UK
97529417,1062.0,GBP,4.0,2.0,51.51393,-0.15965,2020-10-04 12:09:00.062859,London,UK
97483499,1000.0,GBP,,,51.41076500000001,-0.064501,2020-10-04 12:09:00.062859,London,UK
94157501,1000.0,GBP,1.0,1.0,51.593681,-0.208855,2020-10-04 12:09:00.062859,London,UK
72165510,1050.0,GBP,,,51.63445,-0.0938,2020-10-04 12:09:00.062859,London,UK
96044447,1050.0,GBP,,1.0,51.556521,-0.216475,2020-10-04 12:09:00.062859,London,UK
83636827,1096.0,GBP,,1.0,51.54881,-0.16488000000000005,2020-10-04 12:09:00.062859,London,UK
73673301,1000.0,GBP,,,51.57703,-0.14643,2020-10-04 12:09:00.062859,London,UK
84483535,1040.0,GBP,,1.0,51.50744,-0.2348500000000001,2020-10-04 12:09:00.062859,London,UK
72928677,1000.0,GBP,,1.0,51.58568,-0.021210000000000003,2020-10-04 12:09:00.062859,London,UK
97164935,1050.0,GBP,,1.0,51.510812,-0.273163,2020-10-04 12:09:00.062859,London,UK
71770023,1000.0,GBP,1.0,1.0,51.44035,-0.04707,2020-10-04 12:09:00.062859,London,UK
85043221,1050.0,GBP,,1.0,51.55881,-0.12048,2020-10-04 12:09:00.062859,London,UK
97732007,1050.0,GBP,1.0,,51.54628,-0.20464000000000002,2020-10-04 12:09:00.062859,London,UK
77191478,1018.0,GBP,,,51.53024,-0.07768000000000001,2020-10-04 12:09:00.062859,London,UK
97824113,1083.0,GBP,,1.0,51.54327,-0.14995999999999998,2020-10-04 12:09:00.062859,London,UK
97869644,1000.0,GBP,,1.0,51.50355,-0.25099000000000005,2020-10-04 12:09:00.062859,London,UK
97749023,1000.0,GBP,1.0,,51.418349,-0.127143,2020-10-04 12:09:00.062859,London,UK
72834171,1000.0,GBP,1.0,,51.51598,-0.00996,2020-10-04 12:09:00.062859,London,UK
88675100,1018.0,GBP,1.0,1.0,51.54692,-0.20084000000000002,2020-10-04 12:09:00.062859,London,UK
84007330,1040.0,GBP,1.0,1.0,51.491842,-0.08212499999999999,2020-10-04 12:09:00.062859,London,UK
73474167,1050.0,GBP,,,51.5484,-0.05543000000000002,2020-10-04 12:09:00.062859,London,UK
82758622,1050.0,GBP,,,51.4748,-0.047462,2020-10-04 12:09:00.062859,London,UK
96580706,1050.0,GBP,1.0,1.0,51.583539,0.02481,2020-10-04 12:09:00.062859,London,UK
97983350,1095.0,GBP,,1.0,51.603,-0.195,2020-10-04 12:09:00.062859,London,UK
75773681,1096.0,GBP,1.0,1.0,51.531841,-0.257319,2020-10-04 12:09:00.062859,London,UK
84478504,1050.0,GBP,1.0,1.0,51.4748,-0.047462,2020-10-04 12:09:00.062859,London,UK
95957045,1083.0,GBP,7.0,6.0,51.52085,-0.15966000000000002,2020-10-04 12:09:00.062859,London,UK
57189569,1000.0,GBP,,,51.61164,-0.14587999999999998,2020-10-04 12:09:00.062859,London,UK
84132904,1000.0,GBP,,1.0,51.6184,-0.108242,2020-10-04 12:09:00.062859,London,UK
97804094,2167.0,GBP,2.0,2.0,51.50256,-0.11761,2020-10-04 12:09:00.062859,London,UK
92832560,1018.0,GBP,,,51.49137,-0.19513000000000005,2020-10-04 12:09:00.062859,London,UK
83347816,1000.0,GBP,1.0,1.0,51.440982,-0.040922,2020-10-04 12:09:00.062859,London,UK
73223904,1045.0,GBP,,,51.4917,-0.19915,2020-10-04 12:09:00.062859,London,UK
85393954,2350.0,GBP,1.0,1.0,51.456323,-0.196246,2020-10-04 12:09:00.062859,London,UK
84927151,1000.0,GBP,,,51.514662,-0.26865300000000003,2020-10-04 12:09:00.062859,London,UK
84936115,1084.0,GBP,,1.0,51.492143,-0.167623,2020-10-04 12:09:00.062859,London,UK
85317289,1083.0,GBP,,1.0,51.4927,-0.167177,2020-10-04 12:09:00.062859,London,UK
83749849,1000.0,GBP,,1.0,51.467661,0.008133,2020-10-04 12:09:00.062859,London,UK
81548501,1000.0,GBP,1.0,1.0,51.397967,-0.075804,2020-10-04 12:09:00.062859,London,UK
97028951,1040.0,GBP,,,51.47906,-0.21319000000000002,2020-10-04 12:09:00.062859,London,UK
54125721,1044.0,GBP,,,51.54973,-0.18331000000000008,2020-10-04 12:09:00.062859,London,UK
70875288,1057.0,GBP,4.0,2.0,51.5352,-0.1177,2020-10-04 12:09:00.062859,London,UK
71577297,1083.0,GBP,,1.0,51.49229,-0.16744,2020-10-04 12:09:00.062859,London,UK
76594666,1040.0,GBP,,1.0,51.454645,-0.14286,2020-10-04 12:09:00.062859,London,UK
96889586,1000.0,GBP,,1.0,51.44262,0.015340000000000001,2020-10-04 12:09:00.062859,London,UK
76539994,1075.0,GBP,1.0,1.0,51.4263,-0.13987000000000002,2020-10-04 12:09:00.062859,London,UK
97509308,1018.0,GBP,,,51.5495,-0.12879000000000002,2020-10-04 12:09:00.062859,London,UK
97759955,1075.0,GBP,,1.0,51.55671,-0.21635,2020-10-04 12:09:00.062859,London,UK
73540455,1086.0,GBP,,1.0,51.53654,-0.19147000000000008,2020-10-04 12:09:00.062859,London,UK
83561971,1025.0,GBP,,,51.51537,-0.32159000000000004,2020-10-04 12:09:00.062859,London,UK
72604905,1040.0,GBP,1.0,,51.522144,-0.053070000000000006,2020-10-04 12:09:00.062859,London,UK
82564024,1000.0,GBP,,,51.515738,-0.317035,2020-10-04 12:09:00.062859,London,UK
84243343,1096.0,GBP,1.0,1.0,51.458961,-0.12465799999999999,2020-10-04 12:09:00.062859,London,UK
96868283,1018.0,GBP,,,51.5495,-0.12879000000000002,2020-10-04 12:09:00.062859,London,UK
72901107,1050.0,GBP,,1.0,51.5073,-0.225563,2020-10-04 12:09:00.062859,London,UK
88092011,1025.0,GBP,1.0,,51.41819,-0.08857000000000001,2020-10-04 12:09:00.062859,London,UK
85087531,1040.0,GBP,,1.0,51.543157,-0.130138,2020-10-04 12:09:00.062859,London,UK
72792882,1000.0,GBP,,1.0,51.56161,-0.08227000000000001,2020-10-04 12:09:00.062859,London,UK
84360835,1050.0,GBP,1.0,1.0,51.605085,-0.112066,2020-10-04 12:09:00.062859,London,UK
85043665,1000.0,GBP,1.0,1.0,51.615749,-0.244783,2020-10-04 12:09:00.062859,London,UK
97528742,1049.0,GBP,,1.0,51.51654,-0.0761,2020-10-04 12:09:00.062859,London,UK
85237000,1050.0,GBP,,1.0,51.55063,-0.1959,2020-10-04 12:09:00.062859,London,UK
73121157,1083.0,GBP,1.0,1.0,51.45941,-0.13003,2020-10-04 12:09:00.062859,London,UK
71676066,1084.0,GBP,,1.0,51.53152100000001,-0.188057,2020-10-04 12:09:00.062859,London,UK
70431084,1062.0,GBP,4.0,1.0,51.51897,-0.19505000000000008,2020-10-04 12:09:00.062859,London,UK
97657631,1096.0,GBP,,,51.494186,-0.25148000000000004,2020-10-04 12:09:00.062859,London,UK
72812468,1031.0,GBP,,1.0,51.54973,-0.18331000000000008,2020-10-04 12:09:00.062859,London,UK
81205205,1040.0,GBP,,,51.54973,-0.18331000000000008,2020-10-04 12:09:00.062859,London,UK
72973601,1040.0,GBP,,,51.5499,-0.18272,2020-10-04 12:09:00.062859,London,UK
85242586,1000.0,GBP,,1.0,51.468839,-0.078929,2020-10-04 12:09:00.062859,London,UK
83414773,1000.0,GBP,1.0,1.0,51.617435,-0.238456,2020-10-04 12:09:00.062859,London,UK
84368674,1000.0,GBP,,1.0,51.492143,-0.167623,2020-10-04 12:09:00.062859,London,UK
34389649,1050.0,GBP,,,51.47684,-0.029810000000000007,2020-10-04 12:09:00.062859,London,UK
81986140,1050.0,GBP,,1.0,51.50616,-0.229484,2020-10-04 12:09:00.062859,London,UK
95914346,1050.0,GBP,1.0,,51.43711,-0.06361,2020-10-04 12:09:00.062859,London,UK
73611219,1050.0,GBP,,1.0,51.48797,-0.06102000000000001,2020-10-04 12:09:00.062859,London,UK
97001837,1000.0,GBP,1.0,1.0,51.63604,-0.09171,2020-10-04 12:09:00.062859,London,UK
96902291,1050.0,GBP,1.0,1.0,51.512854,-0.275803,2020-10-04 12:09:00.062859,London,UK
73256337,1083.0,GBP,1.0,,51.5528,-0.24319000000000002,2020-10-04 12:09:00.062859,London,UK
97629371,1000.0,GBP,1.0,,51.56457,0.009470000000000001,2020-10-04 12:09:00.062859,London,UK
73135392,1067.0,GBP,1.0,1.0,51.58514,-0.09731000000000001,2020-10-04 12:09:00.062859,London,UK
85016593,1075.0,GBP,,1.0,51.48293,-0.047841,2020-10-04 12:09:00.062859,London,UK
85004689,1000.0,GBP,,1.0,51.56019000000001,-0.074277,2020-10-04 12:09:00.062859,London,UK
70973147,1095.0,GBP,1.0,2.0,51.61444,-0.25208,2020-10-04 12:09:00.062859,London,UK
69756465,1040.0,GBP,,1.0,51.49253,-0.13703,2020-10-04 12:09:00.062859,London,UK
56416428,1062.0,GBP,1.0,,51.52784000000001,-0.05212000000000002,2020-10-04 12:09:00.062859,London,UK
97983347,1075.0,GBP,,1.0,51.603,-0.195,2020-10-04 12:09:00.062859,London,UK
97708568,1000.0,GBP,,1.0,51.41498,-0.052320000000000005,2020-10-04 12:09:00.062859,London,UK
6138454,1000.0,GBP,,1.0,51.45917,-0.0007800000000000001,2020-10-04 12:09:00.062859,London,UK
85061593,1018.0,GBP,,1.0,51.52095300000001,-0.098548,2020-10-04 12:09:00.062859,London,UK
72696051,1050.0,GBP,,1.0,51.431504,-0.12786,2020-10-04 12:09:00.062859,London,UK
97381061,1083.0,GBP,,1.0,51.51548,-0.18971,2020-10-04 12:09:00.062859,London,UK
70431120,1040.0,GBP,4.0,1.0,51.52066,-0.15880999999999998,2020-10-04 12:09:00.062859,London,UK
97803359,1000.0,GBP,1.0,1.0,51.44537,0.00179,2020-10-04 12:09:00.062859,London,UK
85281337,1000.0,GBP,1.0,,51.440068,-0.101819,2020-10-04 12:09:00.062859,London,UK
97354502,1050.0,GBP,1.0,1.0,51.555386,0.012643999999999999,2020-10-04 12:09:00.062859,London,UK
73469856,1625.0,GBP,2.0,2.0,51.50758,-0.25012,2020-10-04 12:09:00.062859,London,UK
70430991,1018.0,GBP,5.0,1.0,51.52789,-0.1441,2020-10-04 12:09:00.062859,London,UK
45729178,1083.0,GBP,,1.0,51.52507,-0.18971,2020-10-04 12:09:00.062859,London,UK
96256706,1018.0,GBP,,,51.49701,-0.20543000000000008,2020-10-04 12:09:00.062859,London,UK
73679007,1097.0,GBP,,1.0,51.50974,-0.26819000000000004,2020-10-04 12:09:00.062859,London,UK
96898802,1000.0,GBP,1.0,2.0,51.52634000000001,-0.07704000000000001,2020-10-04 12:09:00.062859,London,UK
97815974,1050.0,GBP,1.0,1.0,51.56508,-0.20535,2020-10-04 12:09:00.062859,London,UK
72652242,1000.0,GBP,1.0,,51.58995,-0.0779,2020-10-04 12:09:00.062859,London,UK
97655441,1050.0,GBP,,1.0,51.44114,-0.154917,2020-10-04 12:09:00.062859,London,UK
97119119,1018.0,GBP,1.0,1.0,51.511353,-0.187893,2020-10-04 12:09:00.062859,London,UK
45735581,1062.0,GBP,,1.0,51.52509000000001,-0.18948,2020-10-04 12:09:00.062859,London,UK
95707823,1083.0,GBP,,1.0,51.51572,-0.16505999999999998,2020-10-04 12:09:00.062859,London,UK
85125397,1040.0,GBP,,1.0,51.584229,-0.144682,2020-10-04 12:09:00.062859,London,UK
90274562,1049.0,GBP,,1.0,51.63126,-0.14104,2020-10-04 12:09:00.062859,London,UK
96716645,1000.0,GBP,1.0,,51.48688,0.0556,2020-10-04 12:09:00.062859,London,UK
97619000,1018.0,GBP,,,51.4641,-0.22299000000000002,2020-10-04 12:09:00.062859,London,UK
96151286,1000.0,GBP,1.0,1.0,51.4144,-0.06572,2020-10-04 12:09:00.062859,London,UK
72924753,1025.0,GBP,,1.0,51.5464,-0.2241100000000001,2020-10-04 12:09:00.062859,London,UK
72985266,1062.0,GBP,,1.0,51.49253,-0.13703,2020-10-04 12:09:00.062859,London,UK
84980506,1000.0,GBP,,1.0,51.58706,-0.06576,2020-10-04 12:09:00.062859,London,UK
85336885,1000.0,GBP,1.0,1.0,51.622643,-0.104067,2020-10-04 12:09:00.062859,London,UK
73668594,1083.0,GBP,,1.0,51.573127,-0.13756500000000002,2020-10-04 12:09:00.062859,London,UK
84079453,1083.0,GBP,1.0,1.0,51.44914,-0.12858,2020-10-04 12:09:00.062859,London,UK
97892897,1096.0,GBP,1.0,1.0,51.548516,-0.20246000000000008,2020-10-04 12:09:00.062859,London,UK
46428708,1080.0,GBP,1.0,1.0,51.59145,-0.24791,2020-10-04 12:09:00.062859,London,UK
48421170,1050.0,GBP,1.0,1.0,51.62867,-0.12568,2020-10-04 12:09:00.062859,London,UK
54124458,1040.0,GBP,,,51.54973,-0.18331000000000008,2020-10-04 12:09:00.062859,London,UK
97111409,1000.0,GBP,,1.0,51.566767,-0.07266900000000001,2020-10-04 12:09:00.062859,London,UK
72069996,1040.0,GBP,,1.0,51.5499,-0.18272,2020-10-04 12:09:00.062859,London,UK
96850895,1000.0,GBP,,,51.54741,-0.21397,2020-10-04 12:09:00.062859,London,UK
84867829,2275.0,GBP,2.0,2.0,51.514328000000006,-0.20691,2020-10-04 12:09:00.062859,London,UK
82289329,1050.0,GBP,1.0,,51.54765,-0.13132000000000002,2020-10-04 12:09:00.062859,London,UK
73044486,1062.0,GBP,,1.0,51.492244,-0.136953,2020-10-04 12:09:00.062859,London,UK
85253194,6933.0,GBP,3.0,2.0,51.48086,-0.13260999999999998,2020-10-04 12:09:00.062859,London,UK
72845463,1040.0,GBP,1.0,1.0,51.59167,-0.22431,2020-10-04 12:09:00.062859,London,UK
97814318,1001.0,GBP,,,51.49943,-0.19323,2020-10-04 12:09:00.062859,London,UK
95913971,1062.0,GBP,,,51.54764,-0.17632,2020-10-04 12:09:00.062859,London,UK
73614567,1000.0,GBP,1.0,,51.60219,-0.11132,2020-10-04 12:09:00.062859,London,UK
84435310,1096.0,GBP,1.0,1.0,51.620582,-0.17601799999999998,2020-10-04 12:09:00.062859,London,UK
84825802,1083.0,GBP,,,51.57182,-0.12990000000000002,2020-10-04 12:09:00.062859,London,UK
77304055,1000.0,GBP,,1.0,51.51451,-0.31211,2020-10-04 12:09:00.062859,London,UK
70430385,1083.0,GBP,3.0,1.0,51.48577,-0.12507000000000001,2020-10-04 12:09:00.062859,London,UK
84819403,1000.0,GBP,2.0,1.0,51.39848,-0.07645,2020-10-04 12:09:00.062859,London,UK
73329519,1050.0,GBP,1.0,1.0,51.4222,-0.18822000000000005,2020-10-04 12:09:00.062859,London,UK
88505888,1000.0,GBP,1.0,,51.64264,-0.07163,2020-10-04 12:09:00.062859,London,UK
73044483,1062.0,GBP,,,51.492244,-0.136953,2020-10-04 12:09:00.062859,London,UK
72973628,1040.0,GBP,,,51.54973,-0.18331000000000008,2020-10-04 12:09:00.062859,London,UK
72667050,1001.0,GBP,,1.0,51.497219,-0.207826,2020-10-04 12:09:00.062859,London,UK
94269137,1050.0,GBP,1.0,1.0,51.575292,-0.10098,2020-10-04 12:09:00.062859,London,UK
73124373,1050.0,GBP,1.0,1.0,51.63351,-0.102517,2020-10-04 12:09:00.062859,London,UK
84163117,1083.0,GBP,1.0,1.0,51.577881,-0.207744,2020-10-04 12:09:00.062859,London,UK
85270831,1050.0,GBP,1.0,1.0,51.47328,-0.0722,2020-10-04 12:09:00.062859,London,UK
71089830,1000.0,GBP,1.0,1.0,51.636145,-0.091943,2020-10-04 12:09:00.062859,London,UK
97067627,1083.0,GBP,,1.0,51.49179,-0.20506,2020-10-04 12:09:00.062859,London,UK
96292874,1096.0,GBP,1.0,1.0,51.506916,-0.248217,2020-10-04 12:09:00.062859,London,UK
96942734,1050.0,GBP,1.0,,51.57544,-0.26036000000000004,2020-10-04 12:09:00.062859,London,UK
97848824,1690.0,GBP,2.0,2.0,51.59613,-0.24238,2020-10-04 12:09:00.062859,London,UK
73612173,1070.0,GBP,1.0,1.0,51.58924,-0.104555,2020-10-04 12:09:00.062859,London,UK
85331098,1096.0,GBP,1.0,1.0,51.4905,-0.07287,2020-10-04 12:09:00.062859,London,UK
81704395,1083.0,GBP,3.0,1.0,51.51393,-0.15965,2020-10-04 12:09:00.062859,London,UK
85001545,1095.0,GBP,1.0,1.0,51.523011,-0.261056,2020-10-04 12:09:00.062859,London,UK
97823972,1000.0,GBP,,1.0,51.58568,-0.021210000000000003,2020-10-04 12:09:00.062859,London,UK
84917959,1000.0,GBP,,1.0,51.52421,-0.186842,2020-10-04 12:09:00.062859,London,UK
95415821,1019.0,GBP,,1.0,51.500449,-0.173845,2020-10-04 12:09:00.062859,London,UK
71083464,1000.0,GBP,,1.0,51.54661,-0.20881,2020-10-04 12:09:00.062859,London,UK
71670606,1083.0,GBP,,1.0,51.514603,-0.17968900000000002,2020-10-04 12:09:00.062859,London,UK
97281326,1018.0,GBP,,1.0,51.49229,-0.16744,2020-10-04 12:09:00.062859,London,UK
67094497,1000.0,GBP,,1.0,51.504318,-0.26359899999999997,2020-10-04 12:09:00.062859,London,UK
85242589,1000.0,GBP,,1.0,51.51496,-0.06404,2020-10-04 12:09:00.062859,London,UK
73581828,1050.0,GBP,,,51.57703,-0.14643,2020-10-04 12:09:00.062859,London,UK
84600739,1000.0,GBP,,1.0,51.54752,-0.10046000000000001,2020-10-04 12:09:00.062859,London,UK
91422248,1018.0,GBP,,,51.492382,-0.136824,2020-10-04 12:09:00.062859,London,UK
93345638,1083.0,GBP,,,51.492382,-0.136824,2020-10-04 12:09:00.062859,London,UK
73746672,1018.0,GBP,,1.0,51.491825,-0.209733,2020-10-04 12:09:00.062859,London,UK
82131943,1000.0,GBP,,,51.55049,-0.16842000000000001,2020-10-04 12:09:00.062859,London,UK
73163001,1040.0,GBP,,1.0,51.487534,-0.08695000000000001,2020-10-04 12:09:00.062859,London,UK
84864641,,GBP,5.0,5.0,51.500334,-0.165909,2020-10-04 12:09:00.062859,London,UK
97280339,1062.0,GBP,,1.0,51.56338,-0.09187000000000001,2020-10-04 12:09:00.062859,London,UK
82416070,1045.0,GBP,1.0,1.0,51.517956,-0.278425,2020-10-04 12:09:00.062859,London,UK
95738816,1000.0,GBP,1.0,1.0,51.57611,0.033940000000000005,2020-10-04 12:09:00.062859,London,UK
72165636,1083.0,GBP,,1.0,51.51965,-0.21548,2020-10-04 12:09:00.062859,London,UK
85055893,1096.0,GBP,,,51.50323,-0.21440599999999999,2020-10-04 12:09:00.062859,London,UK
5671197,1000.0,GBP,,1.0,51.46451,0.0027700000000000003,2020-10-04 12:09:00.062859,London,UK
97749527,1049.0,GBP,,,51.54973,-0.18331000000000008,2020-10-04 12:09:00.062859,London,UK
84823819,1025.0,GBP,,1.0,51.43602,-0.158753,2020-10-04 12:09:00.062859,London,UK
70875084,1083.0,GBP,5.0,2.0,51.53806,-0.13907,2020-10-04 12:09:00.062859,London,UK
85375093,1095.0,GBP,,1.0,51.60424,-0.19601,2020-10-04 12:09:00.062859,London,UK
97963124,2747.0,GBP,3.0,1.0,51.470137,-0.190375,2020-10-04 12:09:00.062859,London,UK
85168504,1040.0,GBP,,,51.5107,-0.193157,2020-10-04 12:09:00.062859,London,UK
83896954,1000.0,GBP,,1.0,51.554042,-0.21973,2020-10-04 12:09:00.062859,London,UK
96617141,1083.0,GBP,,1.0,51.51965,-0.21548,2020-10-04 12:09:00.062859,London,UK
82839226,1083.0,GBP,,1.0,51.50814,-0.12368,2020-10-04 12:09:00.062859,London,UK
73136673,1040.0,GBP,,1.0,51.49362,-0.18972000000000008,2020-10-04 12:09:00.062859,London,UK
72671373,1097.0,GBP,1.0,1.0,51.428442,-0.13153800000000002,2020-10-04 12:09:00.062859,London,UK
82803095,1040.0,GBP,,1.0,51.5499,-0.18272,2020-10-04 12:09:00.062859,London,UK
92443556,1083.0,GBP,,,51.49899,-0.19339,2020-10-04 12:09:00.062859,London,UK
70429245,1092.0,GBP,3.0,1.0,51.51949000000001,-0.11936,2020-10-04 12:09:00.062859,London,UK
72667011,1053.0,GBP,,1.0,51.497219,-0.207826,2020-10-04 12:09:00.062859,London,UK
97526258,1083.0,GBP,1.0,,51.491931,-0.019874,2020-10-04 12:09:00.062859,London,UK
62779035,1083.0,GBP,4.0,2.0,51.56634,-0.1245,2020-10-04 12:09:00.062859,London,UK
73614828,1050.0,GBP,,1.0,51.61428,-0.15386000000000002,2020-10-04 12:09:00.062859,London,UK
97515332,1083.0,GBP,,1.0,51.520975,-0.098889,2020-10-04 12:09:00.062859,London,UK
46220530,1040.0,GBP,1.0,,51.56372,-0.13527999999999998,2020-10-04 12:09:00.062859,London,UK
71814321,1083.0,GBP,,1.0,51.494716,-0.207359,2020-10-04 12:09:00.062859,London,UK
85054732,1083.0,GBP,,1.0,51.49253,-0.13703,2020-10-04 12:09:00.062859,London,UK
70429254,1018.0,GBP,3.0,1.0,51.53917,-0.17493,2020-10-04 12:09:00.062859,London,UK
73672590,1000.0,GBP,1.0,1.0,51.62944,-0.16871000000000005,2020-10-04 12:09:00.062859,London,UK
96912704,1725.0,GBP,1.0,1.0,51.49724000000001,-0.0187,2020-10-04 12:09:00.062859,London,UK
97772069,1049.0,GBP,,,51.530742,-0.259967,2020-10-04 12:09:00.062859,London,UK
83819947,1050.0,GBP,,1.0,51.468302,-0.07755000000000001,2020-10-04 12:09:00.062859,London,UK
84196498,1050.0,GBP,1.0,1.0,51.48121,-0.04936,2020-10-04 12:09:00.062859,London,UK
62868132,1050.0,GBP,1.0,1.0,51.41050900000001,-0.079041,2020-10-04 12:09:00.062859,London,UK
85114639,1050.0,GBP,1.0,2.0,51.505566,-0.055379,2020-10-04 12:09:00.062859,London,UK
95769995,1070.0,GBP,,1.0,51.56515,-0.10103,2020-10-04 12:09:00.062859,London,UK
97130396,1083.0,GBP,,,51.48939,-0.20674,2020-10-04 12:09:00.062859,London,UK
73258926,1050.0,GBP,1.0,1.0,51.388786,-0.07504799999999999,2020-10-04 12:09:00.062859,London,UK
84255010,1086.0,GBP,7.0,7.0,51.48677,-0.223571,2020-10-04 12:09:00.062859,London,UK
70430007,1062.0,GBP,4.0,1.0,51.55239,-0.12940000000000002,2020-10-04 12:09:00.062859,London,UK
97987535,1150.0,GBP,,1.0,51.549625,-0.204125,2020-10-04 12:09:00.062859,London,UK
67793288,1083.0,GBP,4.0,,51.5667,-0.12448,2020-10-04 12:09:00.062859,London,UK
80224372,1000.0,GBP,,1.0,51.52522,-0.28750000000000003,2020-10-04 12:09:00.062859,London,UK
94608743,1083.0,GBP,,,51.49445,-0.19083000000000008,2020-10-04 12:09:00.062859,London,UK
97654565,1000.0,GBP,,,51.50405,-0.32230000000000003,2020-10-04 12:09:00.062859,London,UK
71880279,1075.0,GBP,1.0,1.0,51.522612,-0.30935799999999997,2020-10-04 12:09:00.062859,London,UK
70431303,1057.0,GBP,4.0,1.0,51.52091,-0.0958,2020-10-04 12:09:00.062859,London,UK
73645977,1025.0,GBP,1.0,1.0,51.58559,-0.09137,2020-10-04 12:09:00.062859,London,UK
73229838,1050.0,GBP,,1.0,51.55783,-0.13205999999999998,2020-10-04 12:09:00.062859,London,UK
97039832,1084.0,GBP,,1.0,51.486539,-0.137791,2020-10-04 12:09:00.062859,London,UK
52023248,1083.0,GBP,,1.0,51.55103,-0.19191000000000005,2020-10-04 12:09:00.062859,London,UK
97112783,1050.0,GBP,,1.0,51.590869,-0.2469760000000001,2020-10-04 12:09:00.062859,London,UK
68440731,1018.0,GBP,,1.0,51.55485,-0.11473,2020-10-04 12:09:00.062859,London,UK
98013284,1025.0,GBP,,1.0,51.50729000000001,-0.23701000000000005,2020-10-04 12:09:00.062859,London,UK
73666035,1060.0,GBP,,1.0,51.58931,-0.11561,2020-10-04 12:09:00.062859,London,UK
85080247,1000.0,GBP,,,51.46381,-0.13518000000000002,2020-10-04 12:09:00.062859,London,UK
75717752,1000.0,GBP,,1.0,51.59426,-0.23755,2020-10-04 12:09:00.062859,London,UK
68360719,1000.0,GBP,,1.0,51.596018,-0.176175,2020-10-04 12:09:00.062859,London,UK
96305825,1000.0,GBP,,1.0,51.492824,-0.268948,2020-10-04 12:09:00.062859,London,UK
84917962,1040.0,GBP,,1.0,51.55248,0.021537,2020-10-04 12:09:00.062859,London,UK
98023001,1053.0,GBP,1.0,1.0,51.586993,-0.041645,2020-10-04 12:09:00.062859,London,UK
73538511,1600.0,GBP,2.0,1.0,51.53605,-0.24802,2020-10-04 12:09:00.062859,London,UK
85239439,1025.0,GBP,1.0,1.0,51.483749,0.071074,2020-10-04 12:09:00.062859,London,UK
67276511,1040.0,GBP,1.0,1.0,51.4946,-0.21215,2020-10-04 12:09:00.062859,London,UK
84194215,1075.0,GBP,1.0,1.0,51.610186,-0.22062199999999998,2020-10-04 12:09:00.062859,London,UK
85317400,1075.0,GBP,,1.0,51.60424,-0.19601,2020-10-04 12:09:00.062859,London,UK
97805639,1097.0,GBP,,,51.509738,-0.26803299999999997,2020-10-04 12:09:00.062859,London,UK
97488134,1062.0,GBP,,1.0,51.54327,-0.14995999999999998,2020-10-04 12:09:00.062859,London,UK
82411756,1050.0,GBP,2.0,2.0,51.51822,-0.026389,2020-10-04 12:09:00.062859,London,UK
82970542,1025.0,GBP,1.0,1.0,51.497672,0.08115800000000001,2020-10-04 12:09:00.062859,London,UK
32927089,1000.0,GBP,1.0,1.0,51.54923,0.01255,2020-10-04 12:09:00.062859,London,UK
73786440,1025.0,GBP,1.0,1.0,51.576485,-0.011738,2020-10-04 12:09:00.062859,London,UK
73505562,1001.0,GBP,1.0,1.0,51.491264,0.06466000000000001,2020-10-04 12:09:00.062859,London,UK
73200132,1083.0,GBP,,1.0,51.5339,-0.13708,2020-10-04 12:09:00.062859,London,UK
70429575,1083.0,GBP,3.0,1.0,51.47924,-0.21318,2020-10-04 12:09:00.062859,London,UK
72923976,1035.0,GBP,,,51.53045,-0.19864,2020-10-04 12:09:00.062859,London,UK
72907194,1000.0,GBP,,1.0,51.617677,-0.18337,2020-10-04 12:09:00.062859,London,UK
97314341,1079.0,GBP,1.0,1.0,51.62551,-0.10197,2020-10-04 12:09:00.062859,London,UK
94465127,1018.0,GBP,,1.0,51.576818,-0.122768,2020-10-04 12:09:00.062859,London,UK
84748543,1020.0,GBP,1.0,1.0,51.59735,-0.243351,2020-10-04 12:09:00.062859,London,UK
97908275,1000.0,GBP,1.0,,51.5893,-0.23673000000000002,2020-10-04 12:09:00.062859,London,UK
82132021,1000.0,GBP,,,51.55049,-0.16842000000000001,2020-10-04 12:09:00.062859,London,UK
84150236,1000.0,GBP,1.0,1.0,51.43256,-0.08177999999999999,2020-10-04 12:09:00.062859,London,UK
78590527,2210.0,GBP,2.0,1.0,51.511235,-0.132654,2020-10-04 12:09:00.062859,London,UK
73534428,1096.0,GBP,1.0,1.0,51.51528,-0.266773,2020-10-04 12:09:00.062859,London,UK
79152023,1005.0,GBP,,1.0,51.59537,-0.25209000000000004,2020-10-04 12:09:00.062859,London,UK
72070245,1049.0,GBP,,1.0,51.54973,-0.18331000000000008,2020-10-04 12:09:00.062859,London,UK
70430019,1083.0,GBP,5.0,1.0,51.55239,-0.12940000000000002,2020-10-04 12:09:00.062859,London,UK
97974404,1090.0,GBP,,1.0,51.514788,-0.183845,2020-10-04 12:09:00.062859,London,UK
72635190,1050.0,GBP,1.0,1.0,51.53468,-0.24619000000000002,2020-10-04 12:09:00.062859,London,UK
73156194,1050.0,GBP,,1.0,51.4754,-0.12276,2020-10-04 12:09:00.062859,London,UK
85308808,1000.0,GBP,1.0,1.0,51.510254,-0.328802,2020-10-04 12:09:00.062859,London,UK
97521797,1000.0,GBP,,1.0,51.45964,-0.07719000000000001,2020-10-04 12:09:00.062859,London,UK
82430606,1018.0,GBP,,1.0,51.54973,-0.18331000000000008,2020-10-04 12:09:00.062859,London,UK
84580738,1097.0,GBP,1.0,1.0,51.62057,-0.17643,2020-10-04 12:09:00.062859,London,UK
73331709,1001.0,GBP,,1.0,51.54695,0.006540000000000001,2020-10-04 12:09:00.062859,London,UK
84951886,1000.0,GBP,1.0,1.0,51.505566,-0.055379,2020-10-04 12:09:00.062859,London,UK
95755433,1060.0,GBP,,1.0,51.58498,-0.07809400000000001,2020-10-04 12:09:00.062859,London,UK
82887817,1096.0,GBP,,1.0,51.516054,-0.179195,2020-10-04 12:09:00.062859,London,UK
73745871,1000.0,GBP,2.0,1.0,51.41209,-0.06208,2020-10-04 12:09:00.062859,London,UK
96773372,1000.0,GBP,,1.0,51.57649,-0.21601,2020-10-04 12:09:00.062859,London,UK
85315417,1067.0,GBP,,1.0,51.61034,-0.106851,2020-10-04 12:09:00.062859,London,UK
83699504,1040.0,GBP,,1.0,51.54973,-0.18331000000000008,2020-10-04 12:09:00.062859,London,UK
85275532,1050.0,GBP,1.0,1.0,51.438732,0.049663,2020-10-04 12:09:00.062859,London,UK
82501513,1050.0,GBP,1.0,1.0,51.46451,-0.03985,2020-10-04 12:09:00.062859,London,UK
82442759,1040.0,GBP,,1.0,51.5499,-0.18272,2020-10-04 12:09:00.062859,London,UK
97956761,1025.0,GBP,,1.0,51.50729000000001,-0.23701000000000005,2020-10-04 12:09:00.062859,London,UK
81144568,1000.0,GBP,1.0,1.0,51.636062,-0.091512,2020-10-04 12:09:00.062859,London,UK
83441050,1025.0,GBP,,1.0,51.51537,-0.32159000000000004,2020-10-04 12:09:00.062859,London,UK
72956982,1000.0,GBP,1.0,1.0,51.6323,-0.13034500000000002,2020-10-04 12:09:00.062859,London,UK
82418740,1025.0,GBP,1.0,1.0,51.49436,0.01344,2020-10-04 12:09:00.062859,London,UK
85386868,1050.0,GBP,,1.0,51.581547,-0.250969,2020-10-04 12:09:00.062859,London,UK
97760042,1025.0,GBP,,1.0,51.51994000000001,-0.22298,2020-10-04 12:09:00.062859,London,UK
97857335,1083.0,GBP,,,51.554392,-0.114165,2020-10-04 12:09:00.062859,London,UK
85082815,1083.0,GBP,,1.0,51.55059,-0.12728499999999998,2020-10-04 12:09:00.062859,London,UK
98017424,1092.0,GBP,1.0,1.0,51.562926,-0.107163,2020-10-04 12:09:00.062859,London,UK
85055542,1096.0,GBP,1.0,1.0,51.51529,-0.26668000000000003,2020-10-04 12:09:00.062859,London,UK
84450763,1000.0,GBP,,1.0,51.58234,-0.10778299999999999,2020-10-04 12:09:00.062859,London,UK
84734773,1062.0,GBP,,,51.5517,-0.13784000000000002,2020-10-04 12:09:00.062859,London,UK
72931257,1079.0,GBP,,1.0,51.498584,-0.117248,2020-10-04 12:09:00.062859,London,UK
83349736,1083.0,GBP,,,51.49317,-0.1955,2020-10-04 12:09:00.062859,London,UK
72742686,1040.0,GBP,1.0,1.0,51.58855,-0.23459000000000002,2020-10-04 12:09:00.062859,London,UK
97747838,1025.0,GBP,,1.0,51.55591,-0.21682,2020-10-04 12:09:00.062859,London,UK
97808225,1040.0,GBP,,1.0,51.58449,-0.12389000000000001,2020-10-04 12:09:00.062859,London,UK
82345039,1000.0,GBP,1.0,,51.47455,0.06124,2020-10-04 12:09:00.062859,London,UK
97307621,1050.0,GBP,,1.0,51.492809,-0.258214,2020-10-04 12:09:00.062859,London,UK
72838782,1050.0,GBP,,1.0,51.4308,0.06416000000000001,2020-10-04 12:09:00.062859,London,UK
73476978,1084.0,GBP,,1.0,51.496475,-0.13389600000000002,2020-10-04 12:09:00.062859,London,UK
96079454,1096.0,GBP,,1.0,51.51396,-0.177783,2020-10-04 12:09:00.062859,London,UK
85123852,1050.0,GBP,4.0,4.0,51.56626,-0.067635,2020-10-04 12:09:00.062859,London,UK
97954448,1083.0,GBP,,1.0,51.4893,-0.14529,2020-10-04 12:09:00.062859,London,UK
70429125,1083.0,GBP,4.0,1.0,51.53734,-0.18466,2020-10-04 12:09:00.062859,London,UK
96773966,1049.0,GBP,,,51.5499,-0.18272,2020-10-04 12:09:00.062859,London,UK
73674717,1044.0,GBP,1.0,1.0,51.54709,0.01649,2020-10-04 12:09:00.062859,London,UK
97911578,1083.0,GBP,,1.0,51.58595800000001,-0.20918699999999998,2020-10-04 12:09:00.062859,London,UK
72966951,1096.0,GBP,2.0,1.0,51.51344,0.03302,2020-10-04 12:09:00.062859,London,UK
85308274,1019.0,GBP,,1.0,51.492143,-0.167623,2020-10-04 12:09:00.062859,London,UK
73645440,1050.0,GBP,1.0,1.0,51.467,-0.02246,2020-10-04 12:09:00.062859,London,UK
73376427,1001.0,GBP,,1.0,51.54406,0.004025,2020-10-04 12:09:00.062859,London,UK
97524905,1096.0,GBP,1.0,1.0,51.61583,-0.17651899999999998,2020-10-04 12:09:00.062859,London,UK
46338718,1000.0,GBP,1.0,1.0,51.60805,-0.00941,2020-10-04 12:09:00.062859,London,UK
72999906,1040.0,GBP,1.0,1.0,51.48939,-0.20674,2020-10-04 12:09:00.062859,London,UK
95950784,1018.0,GBP,,1.0,51.54534,-0.17799600000000002,2020-10-04 12:09:00.062859,London,UK
40410495,1000.0,GBP,1.0,1.0,51.56633,-0.25825000000000004,2020-10-04 12:09:00.062859,London,UK
71422239,1000.0,GBP,,1.0,51.51147,-0.3007,2020-10-04 12:09:00.062859,London,UK
83674820,1000.0,GBP,,,51.47372,-0.09143,2020-10-04 12:09:00.062859,London,UK
97562069,1084.0,GBP,,1.0,51.500663,-0.212188,2020-10-04 12:09:00.062859,London,UK
72638238,1084.0,GBP,,1.0,51.55174,-0.22494000000000008,2020-10-04 12:09:00.062859,London,UK
72930609,1000.0,GBP,1.0,1.0,51.42808,-0.03925,2020-10-04 12:09:00.062859,London,UK
81850835,1040.0,GBP,1.0,2.0,51.498656,-0.019661,2020-10-04 12:09:00.062859,London,UK
96896312,1018.0,GBP,,1.0,51.49691,-0.09637000000000001,2020-10-04 12:09:00.062859,London,UK
97170797,1050.0,GBP,1.0,1.0,51.418902,-0.177062,2020-10-04 12:09:00.062859,London,UK
97057691,2708.0,GBP,2.0,2.0,51.492522,-0.102414,2020-10-04 12:09:00.062859,London,UK
72151983,1025.0,GBP,,1.0,51.535524,-0.243263,2020-10-04 12:09:00.062859,London,UK
59445920,1062.0,GBP,,1.0,51.54123,-0.1176,2020-10-04 12:09:00.062859,London,UK
84007045,1096.0,GBP,1.0,1.0,51.599361,-0.108862,2020-10-04 12:09:00.062859,London,UK
71930451,1015.0,GBP,,,51.4917,-0.19915,2020-10-04 12:09:00.062859,London,UK
85308832,2925.0,GBP,2.0,1.0,51.55848,-0.17920999999999998,2020-10-04 12:09:00.062859,London,UK
84838162,1053.0,GBP,,1.0,51.536926,-0.05727,2020-10-04 12:09:00.062859,London,UK
86098688,1001.0,GBP,,1.0,51.49445,-0.19083000000000008,2020-10-04 12:09:00.062859,London,UK
84734989,1062.0,GBP,1.0,,51.5555,-0.23853600000000005,2020-10-04 12:09:00.062859,London,UK
80680330,1083.0,GBP,,,51.55189,-0.22476,2020-10-04 12:09:00.062859,London,UK
97263248,1057.0,GBP,2.0,1.0,51.46701,-0.16701000000000002,2020-10-04 12:09:00.062859,London,UK
97153910,1083.0,GBP,1.0,,51.55106,-0.10854000000000001,2020-10-04 12:09:00.062859,London,UK
73639341,1050.0,GBP,,1.0,51.45964,-0.07719000000000001,2020-10-04 12:09:00.062859,London,UK
67809102,1049.0,GBP,,1.0,51.564467,-0.13080899999999998,2020-10-04 12:09:00.062859,London,UK
84096484,1000.0,GBP,,1.0,51.55274,-0.188336,2020-10-04 12:09:00.062859,London,UK
70429110,1083.0,GBP,3.0,1.0,51.46565,-0.10934,2020-10-04 12:09:00.062859,London,UK
73566228,1083.0,GBP,2.0,1.0,51.51465200000001,-0.16633599999999998,2020-10-04 12:09:00.062859,London,UK
95654414,1040.0,GBP,,,51.49137,-0.19513000000000005,2020-10-04 12:09:00.062859,London,UK
90156836,1050.0,GBP,1.0,1.0,51.62673,0.00788,2020-10-04 12:09:00.062859,London,UK
84009685,1075.0,GBP,,1.0,51.55591,-0.21682,2020-10-04 12:09:00.062859,London,UK
72863174,1040.0,GBP,,,51.54973,-0.18331000000000008,2020-10-04 12:09:00.062859,London,UK
97678511,1000.0,GBP,1.0,6.0,51.511669,-0.013505,2020-10-04 12:09:00.062859,London,UK
85337230,1049.0,GBP,1.0,1.0,51.568939,-0.12400599999999999,2020-10-04 12:09:00.062859,London,UK
85058995,1090.0,GBP,2.0,1.0,51.48027800000001,0.069075,2020-10-04 12:09:00.062859,London,UK
97414844,1053.0,GBP,,1.0,51.50659,-0.22595,2020-10-04 12:09:00.062859,London,UK
73041087,1040.0,GBP,,1.0,51.526218,-0.124271,2020-10-04 12:09:00.062859,London,UK
72522969,1095.0,GBP,,,51.47166,-0.13673000000000002,2020-10-04 12:09:00.062859,London,UK
73670184,1000.0,GBP,,1.0,51.47684,-0.029810000000000007,2020-10-04 12:09:00.062859,London,UK
97045526,1001.0,GBP,1.0,1.0,51.556692,-0.215665,2020-10-04 12:09:00.062859,London,UK
73751250,1050.0,GBP,1.0,1.0,51.5123,-0.29,2020-10-04 12:09:00.062859,London,UK
91812131,1050.0,GBP,,1.0,51.56515,-0.10099,2020-10-04 12:09:00.062859,London,UK
84346921,1018.0,GBP,,1.0,51.53536,-0.13904000000000002,2020-10-04 12:09:00.062859,London,UK
70429401,1005.0,GBP,3.0,1.0,51.51799000000001,-0.18385,2020-10-04 12:09:00.062859,London,UK
94969091,4193.0,GBP,6.0,2.0,51.579322,-0.103007,2020-10-04 12:09:00.062859,London,UK
70429413,1057.0,GBP,3.0,1.0,51.49526,-0.18475000000000005,2020-10-04 12:09:00.062859,London,UK
80832784,1000.0,GBP,,,51.57049,-0.14251,2020-10-04 12:09:00.062859,London,UK
73337541,1001.0,GBP,1.0,,51.52586,-0.024960000000000003,2020-10-04 12:09:00.062859,London,UK
89284604,1010.0,GBP,1.0,,51.58685,-0.04224000000000002,2020-10-04 12:09:00.062859,London,UK
73642506,1083.0,GBP,,1.0,51.550096,-0.189999,2020-10-04 12:09:00.062859,London,UK
97848674,1050.0,GBP,1.0,1.0,51.45869,0.00093,2020-10-04 12:09:00.062859,London,UK
96773405,1000.0,GBP,,1.0,51.57649,-0.21601,2020-10-04 12:09:00.062859,London,UK
95836574,1096.0,GBP,1.0,,51.538623,-0.251436,2020-10-04 12:09:00.062859,London,UK
97853132,1083.0,GBP,1.0,1.0,51.4946,-0.21215,2020-10-04 12:09:00.062859,London,UK
85124047,1040.0,GBP,2.0,1.0,51.557236,0.005691,2020-10-04 12:09:00.062859,London,UK
85340917,1083.0,GBP,1.0,1.0,51.54625,-0.20263,2020-10-04 12:09:00.062859,London,UK
62950359,1040.0,GBP,,1.0,51.5499,-0.18272,2020-10-04 12:09:00.062859,London,UK
96643697,1000.0,GBP,1.0,1.0,51.39585,-0.06959299999999999,2020-10-04 12:09:00.062859,London,UK
72657108,1018.0,GBP,,1.0,51.551563,-0.086043,2020-10-04 12:09:00.062859,London,UK
85380694,1025.0,GBP,1.0,1.0,51.576635,-0.011206,2020-10-04 12:09:00.062859,London,UK
83809999,1083.0,GBP,,,51.519995,-0.21471,2020-10-04 12:09:00.062859,London,UK
69068253,1000.0,GBP,,1.0,51.514148,-0.182177,2020-10-04 12:09:00.062859,London,UK
95481635,1050.0,GBP,,,51.48226,-0.11325999999999999,2020-10-04 12:09:00.062859,London,UK
95146571,1083.0,GBP,,1.0,51.49559,-0.135819,2020-10-04 12:09:00.062859,London,UK
81286453,1040.0,GBP,,1.0,51.550263,-0.16860699999999998,2020-10-04 12:09:00.062859,London,UK
83635873,1075.0,GBP,1.0,1.0,51.569616,0.011377,2020-10-04 12:09:00.062859,London,UK
85342915,1083.0,GBP,1.0,1.0,51.55154,-0.21944,2020-10-04 12:09:00.062859,London,UK
97680299,1018.0,GBP,,,51.510583,-0.18718,2020-10-04 12:09:00.062859,London,UK
84173255,1018.0,GBP,,1.0,51.54973,-0.18331000000000008,2020-10-04 12:09:00.062859,London,UK
97333649,1083.0,GBP,,,51.492382,-0.136824,2020-10-04 12:09:00.062859,London,UK
72636480,1025.0,GBP,,,51.43047,-0.08043,2020-10-04 12:09:00.062859,London,UK
84547042,1049.0,GBP,1.0,1.0,51.512221,-0.187949,2020-10-04 12:09:00.062859,London,UK
97247723,1040.0,GBP,,,51.48902800000001,-0.19391000000000005,2020-10-04 12:09:00.062859,London,UK
97953824,1050.0,GBP,,,51.458397,-0.220604,2020-10-04 12:09:00.062859,London,UK
97073273,1000.0,GBP,1.0,1.0,51.633887,-0.06447,2020-10-04 12:09:00.062859,London,UK
98012096,1014.0,GBP,1.0,1.0,51.586993,-0.041645,2020-10-04 12:09:00.062859,London,UK
95799038,1040.0,GBP,,1.0,51.516405,-0.190147,2020-10-04 12:09:00.062859,London,UK
98017886,1079.0,GBP,1.0,1.0,51.51556400000001,-0.06789099999999999,2020-10-04 12:09:00.062859,London,UK
83396033,1083.0,GBP,,,51.49064,-0.2002,2020-10-04 12:09:00.062859,London,UK
73782444,1062.0,GBP,,1.0,51.554447,-0.19337000000000001,2020-10-04 12:09:00.062859,London,UK
72863201,1018.0,GBP,,,51.54973,-0.18331000000000008,2020-10-04 12:09:00.062859,London,UK
97729490,1000.0,GBP,1.0,1.0,51.57845,-0.01907,2020-10-04 12:09:00.062859,London,UK
82709945,1040.0,GBP,,,51.54973,-0.18331000000000008,2020-10-04 12:09:00.062859,London,UK
73240302,1095.0,GBP,,1.0,51.55059,-0.19279000000000002,2020-10-04 12:09:00.062859,London,UK
73231806,1050.0,GBP,1.0,1.0,51.58054600000001,0.019018,2020-10-04 12:09:00.062859,London,UK
71366094,1000.0,GBP,1.0,1.0,51.62279,-0.25753000000000004,2020-10-04 12:09:00.062859,London,UK
96044441,1075.0,GBP,,1.0,51.556521,-0.216475,2020-10-04 12:09:00.062859,London,UK
72971718,1040.0,GBP,,1.0,51.593056,-0.14773699999999998,2020-10-04 12:09:00.062859,London,UK
82281511,1096.0,GBP,,,51.48933,-0.266617,2020-10-04 12:09:00.062859,London,UK
97377671,1000.0,GBP,1.0,,51.54455,0.01292,2020-10-04 12:09:00.062859,London,UK
73028991,1050.0,GBP,1.0,1.0,51.408882,-0.134,2020-10-04 12:09:00.062859,London,UK
71570226,1050.0,GBP,1.0,1.0,51.626396,-0.057986,2020-10-04 12:09:00.062859,London,UK
85334791,1798.0,GBP,2.0,1.0,51.54591,-0.11769,2020-10-04 12:09:00.062859,London,UK
82416064,1075.0,GBP,1.0,1.0,51.517956,-0.278425,2020-10-04 12:09:00.062859,London,UK
73470015,1495.0,GBP,2.0,1.0,51.418506,-0.203529,2020-10-04 12:09:00.062859,London,UK
73609590,1050.0,GBP,1.0,1.0,51.638252,-0.12645399999999998,2020-10-04 12:09:00.062859,London,UK
97024568,1083.0,GBP,,1.0,51.496971,-0.096189,2020-10-04 12:09:00.062859,London,UK
85412308,1095.0,GBP,1.0,1.0,51.42859,-0.13144,2020-10-04 12:09:00.062859,London,UK
72072810,1050.0,GBP,1.0,1.0,51.510813,0.015203,2020-10-04 12:09:00.062859,London,UK
92282333,1018.0,GBP,,,51.492382,-0.136824,2020-10-04 12:09:00.062859,London,UK
70429860,1040.0,GBP,4.0,1.0,51.47932,-0.20094,2020-10-04 12:09:00.062859,London,UK
59560955,1090.0,GBP,1.0,,51.48121,-0.04936,2020-10-04 12:09:00.062859,London,UK
85005814,1096.0,GBP,,1.0,51.54351,-0.192394,2020-10-04 12:09:00.062859,London,UK
72787212,1746.0,GBP,2.0,1.0,51.540435,-0.095811,2020-10-04 12:09:00.062859,London,UK
71245362,1068.0,GBP,,,51.52484000000001,-0.16138000000000002,2020-10-04 12:09:00.062859,London,UK
73331490,1083.0,GBP,,,51.505913,-0.022687,2020-10-04 12:09:00.062859,London,UK
97520153,1000.0,GBP,,1.0,51.58568,-0.021210000000000003,2020-10-04 12:09:00.062859,London,UK
88192364,1083.0,GBP,,1.0,51.50726,-0.22895,2020-10-04 12:09:00.062859,London,UK
85003867,1095.0,GBP,,1.0,51.53322,-0.138196,2020-10-04 12:09:00.062859,London,UK
84009196,1025.0,GBP,1.0,,51.61481,-0.0315,2020-10-04 12:09:00.062859,London,UK
85077856,1096.0,GBP,1.0,1.0,51.492744,-0.046997,2020-10-04 12:09:00.062859,London,UK
82416169,1075.0,GBP,1.0,1.0,51.4263,-0.13987000000000002,2020-10-04 12:09:00.062859,London,UK
97973120,1025.0,GBP,,,51.471940000000004,-0.13139,2020-10-04 12:09:00.062859,London,UK
97963406,1300.0,GBP,1.0,1.0,51.532788,-0.170183,2020-10-04 12:09:00.062859,London,UK
85058170,1050.0,GBP,1.0,1.0,51.518638,-0.317027,2020-10-04 12:09:00.062859,London,UK
97083830,1096.0,GBP,,1.0,51.557,-0.132,2020-10-04 12:09:00.062859,London,UK
73159590,1096.0,GBP,,1.0,51.459403,-0.166683,2020-10-04 12:09:00.062859,London,UK
72813704,1040.0,GBP,,,51.54973,-0.18331000000000008,2020-10-04 12:09:00.062859,London,UK
67746957,1000.0,GBP,1.0,1.0,51.4082,-0.12724000000000002,2020-10-04 12:09:00.062859,London,UK
98014193,1000.0,GBP,1.0,1.0,51.487234,0.051355999999999985,2020-10-04 12:09:00.062859,London,UK
93971426,1019.0,GBP,,1.0,51.492244,-0.136953,2020-10-04 12:09:00.062859,London,UK
85267303,1050.0,GBP,1.0,1.0,51.56705,0.010578,2020-10-04 12:09:00.062859,London,UK
82442651,1027.0,GBP,,,51.5499,-0.18272,2020-10-04 12:09:00.062859,London,UK
96079640,1000.0,GBP,1.0,,51.41327,-0.08489000000000001,2020-10-04 12:09:00.062859,London,UK
95968250,1000.0,GBP,1.0,1.0,51.428322,-0.114282,2020-10-04 12:09:00.062859,London,UK
97701428,1050.0,GBP,,1.0,51.465042,-0.23546199999999998,2020-10-04 12:09:00.062859,London,UK
84842380,1000.0,GBP,,1.0,51.492143,-0.167623,2020-10-04 12:09:00.062859,London,UK
85384351,1096.0,GBP,,1.0,51.506591,-0.225792,2020-10-04 12:09:00.062859,London,UK
73735614,1560.0,GBP,1.0,1.0,51.522439,-0.032318,2020-10-04 12:09:00.062859,London,UK
72093960,1040.0,GBP,,1.0,51.546448,-0.206884,2020-10-04 12:09:00.062859,London,UK
97263878,1092.0,GBP,3.0,1.0,51.52063,-0.16255,2020-10-04 12:09:00.062859,London,UK
51775707,1062.0,GBP,,1.0,51.49229,-0.16744,2020-10-04 12:09:00.062859,London,UK
95837969,1000.0,GBP,1.0,1.0,51.61222,-0.11233,2020-10-04 12:09:00.062859,London,UK
72505776,1040.0,GBP,1.0,,51.5842,-0.09489,2020-10-04 12:09:00.062859,London,UK
85237771,1025.0,GBP,1.0,1.0,51.55856,0.009151,2020-10-04 12:09:00.062859,London,UK
97957502,1025.0,GBP,1.0,1.0,51.570957,-0.023518,2020-10-04 12:09:00.062859,London,UK
72863159,1040.0,GBP,,,51.54973,-0.18331000000000008,2020-10-04 12:09:00.062859,London,UK
73639734,1083.0,GBP,,1.0,51.550078000000006,-0.176265,2020-10-04 12:09:00.062859,London,UK
84890098,1050.0,GBP,1.0,1.0,51.474653,-0.040897,2020-10-04 12:09:00.062859,London,UK
72862727,1040.0,GBP,,,51.5499,-0.18272,2020-10-04 12:09:00.062859,London,UK
83795714,1040.0,GBP,1.0,1.0,51.4946,-0.21215,2020-10-04 12:09:00.062859,London,UK
73286821,1095.0,GBP,1.0,1.0,51.48094,-0.04986,2020-10-04 12:09:00.062859,London,UK
72003213,1000.0,GBP,,,51.515748,-0.164985,2020-10-04 12:09:00.062859,London,UK
97346147,1040.0,GBP,,,51.54567,-0.19428,2020-10-04 12:09:00.062859,London,UK
73153782,1001.0,GBP,,1.0,51.592821,-0.234093,2020-10-04 12:09:00.062859,London,UK
95663909,1018.0,GBP,,1.0,51.517385,-0.119157,2020-10-04 12:09:00.062859,London,UK
64577243,1040.0,GBP,,1.0,51.59522,-0.24184000000000005,2020-10-04 12:09:00.062859,London,UK
85294144,1000.0,GBP,1.0,1.0,51.42767,-0.093037,2020-10-04 12:09:00.062859,London,UK
80377108,1000.0,GBP,,1.0,51.50828,-0.2792,2020-10-04 12:09:00.062859,London,UK
84836650,1000.0,GBP,1.0,1.0,51.40769,-0.06226,2020-10-04 12:09:00.062859,London,UK
84779227,1000.0,GBP,,1.0,51.433098,-0.109302,2020-10-04 12:09:00.062859,London,UK
70392552,1040.0,GBP,,1.0,51.48737,-0.22208000000000008,2020-10-04 12:09:00.062859,London,UK
95908835,1000.0,GBP,,,51.47589,-0.13138000000000002,2020-10-04 12:09:00.062859,London,UK
98023826,1036.0,GBP,1.0,1.0,51.487076,0.015156,2020-10-04 12:09:00.062859,London,UK
94986710,1088.0,GBP,,,51.59572,-0.25121000000000004,2020-10-04 12:09:00.062859,London,UK
94464239,1000.0,GBP,1.0,1.0,51.513327,0.035146,2020-10-04 12:09:00.062859,London,UK
92687408,1095.0,GBP,1.0,,51.39291,-0.07137,2020-10-04 12:09:00.062859,London,UK
82131853,1000.0,GBP,,,51.55049,-0.16842000000000001,2020-10-04 12:09:00.062859,London,UK
72682542,1050.0,GBP,,,51.51148,-0.00973,2020-10-04 12:09:00.062859,London,UK
35453055,1050.0,GBP,1.0,,51.62867,-0.12568,2020-10-04 12:09:00.062859,London,UK
72959184,1050.0,GBP,1.0,1.0,51.42038,-0.080756,2020-10-04 12:09:00.062859,London,UK
72389526,1095.0,GBP,,,51.491455,-0.19921000000000005,2020-10-04 12:09:00.062859,London,UK
72513355,1049.0,GBP,,1.0,51.54973,-0.18331000000000008,2020-10-04 12:09:00.062859,London,UK
85295236,1049.0,GBP,1.0,1.0,51.515774,-0.263849,2020-10-04 12:09:00.062859,London,UK
76427789,1040.0,GBP,,1.0,51.54973,-0.18331000000000008,2020-10-04 12:09:00.062859,London,UK
73272258,1096.0,GBP,1.0,1.0,51.49651,-0.08285000000000001,2020-10-04 12:09:00.062859,London,UK
95474048,1096.0,GBP,1.0,1.0,51.533756,-0.24134699999999998,2020-10-04 12:09:00.062859,London,UK
72485724,1000.0,GBP,1.0,1.0,51.503292,0.044468,2020-10-04 12:09:00.062859,London,UK
71130894,1005.0,GBP,,1.0,51.5092,-0.25034,2020-10-04 12:09:00.062859,London,UK
72956306,1040.0,GBP,,,51.54973,-0.18331000000000008,2020-10-04 12:09:00.062859,London,UK
82691047,1050.0,GBP,,1.0,51.557044,-0.11841099999999999,2020-10-04 12:09:00.062859,London,UK
70689609,1062.0,GBP,,1.0,51.49253,-0.13703,2020-10-04 12:09:00.062859,London,UK
73696410,1083.0,GBP,1.0,1.0,51.519683,-0.15839,2020-10-04 12:09:00.062859,London,UK
63107615,1040.0,GBP,,,51.54482,0.017830000000000002,2020-10-04 12:09:00.062859,London,UK
96022928,1000.0,GBP,1.0,1.0,51.392881,-0.06695599999999999,2020-10-04 12:09:00.062859,London,UK
73249707,1040.0,GBP,,1.0,51.493613,-0.189473,2020-10-04 12:09:00.062859,London,UK
96467942,1050.0,GBP,,1.0,51.56804,-0.094572,2020-10-04 12:09:00.062859,London,UK
71898906,1083.0,GBP,,1.0,51.489613,-0.136893,2020-10-04 12:09:00.062859,London,UK
97801313,1050.0,GBP,1.0,,51.63482,-0.09436,2020-10-04 12:09:00.062859,London,UK
95843450,1001.0,GBP,,,51.58733,-0.10443,2020-10-04 12:09:00.062859,London,UK
97264448,1023.0,GBP,3.0,1.0,51.47211,-0.18265,2020-10-04 12:09:00.062859,London,UK
93645632,1001.0,GBP,,1.0,51.50513,-0.23047,2020-10-04 12:09:00.062859,London,UK
83084791,1083.0,GBP,,1.0,51.52393,-0.16097999999999998,2020-10-04 12:09:00.062859,London,UK
85059472,1050.0,GBP,1.0,1.0,51.57578,0.02685,2020-10-04 12:09:00.062859,London,UK
67881243,1050.0,GBP,1.0,1.0,51.416032,-0.06837599999999999,2020-10-04 12:09:00.062859,London,UK
69225306,1000.0,GBP,,1.0,51.459343,-0.06844,2020-10-04 12:09:00.062859,London,UK
85043263,1000.0,GBP,1.0,1.0,51.471901,-0.041754,2020-10-04 12:09:00.062859,London,UK
95210645,1000.0,GBP,1.0,1.0,51.6307,-0.10046000000000001,2020-10-04 12:09:00.062859,London,UK
72956408,1044.0,GBP,,,51.5499,-0.18272,2020-10-04 12:09:00.062859,London,UK
83809114,1062.0,GBP,,,51.547632,-0.17624399999999998,2020-10-04 12:09:00.062859,London,UK
72771141,2102.0,GBP,1.0,1.0,51.513728,-0.070363,2020-10-04 12:09:00.062859,London,UK
97521494,1000.0,GBP,,1.0,51.41076500000001,-0.064501,2020-10-04 12:09:00.062859,London,UK
78396490,1000.0,GBP,,,51.55049,-0.16842000000000001,2020-10-04 12:09:00.062859,London,UK
72255585,1050.0,GBP,1.0,1.0,51.49353,0.0814,2020-10-04 12:09:00.062859,London,UK
84096721,1000.0,GBP,1.0,1.0,51.474691,-0.040607,2020-10-04 12:09:00.062859,London,UK
84113350,1040.0,GBP,,1.0,51.456701,-0.20443499999999998,2020-10-04 12:09:00.062859,London,UK
84842596,1050.0,GBP,1.0,,51.58076,-0.0933,2020-10-04 12:09:00.062859,London,UK
94782731,1050.0,GBP,1.0,,51.43627,-0.11659000000000001,2020-10-04 12:09:00.062859,London,UK
94073414,1000.0,GBP,1.0,1.0,51.41417,-0.052210000000000006,2020-10-04 12:09:00.062859,London,UK
84572884,1083.0,GBP,1.0,1.0,51.58447,-0.07265,2020-10-04 12:09:00.062859,London,UK
91788170,1000.0,GBP,,,51.55358,-0.2234,2020-10-04 12:09:00.062859,London,UK
85014004,1040.0,GBP,,1.0,51.505515,-0.2312,2020-10-04 12:09:00.062859,London,UK
73562742,1025.0,GBP,1.0,,51.61465,-0.03237,2020-10-04 12:09:00.062859,London,UK
96569096,1036.0,GBP,,1.0,51.59572,-0.25121000000000004,2020-10-04 12:09:00.062859,London,UK
38153019,1040.0,GBP,,1.0,51.498416,-0.117031,2020-10-04 12:09:00.062859,London,UK
73474476,1049.0,GBP,2.0,1.0,51.487545,0.092556,2020-10-04 12:09:00.062859,London,UK
96556292,1083.0,GBP,,,51.49411,-0.19776,2020-10-04 12:09:00.062859,London,UK
85192954,1050.0,GBP,,1.0,51.594847,-0.240774,2020-10-04 12:09:00.062859,London,UK
98012090,1014.0,GBP,1.0,1.0,51.586993,-0.041645,2020-10-04 12:09:00.062859,London,UK
73155549,1050.0,GBP,,1.0,51.59393,-0.25156,2020-10-04 12:09:00.062859,London,UK
96848075,1083.0,GBP,,1.0,51.48514,-0.21122,2020-10-04 12:09:00.062859,London,UK
97899905,1050.0,GBP,1.0,1.0,51.612541,-0.120522,2020-10-04 12:09:00.062859,London,UK
73613607,1049.0,GBP,1.0,1.0,51.42399,-0.08574000000000001,2020-10-04 12:09:00.062859,London,UK
85375150,1075.0,GBP,,1.0,51.60424,-0.19601,2020-10-04 12:09:00.062859,London,UK
70430034,1083.0,GBP,5.0,1.0,51.55239,-0.12940000000000002,2020-10-04 12:09:00.062859,London,UK
95968547,1000.0,GBP,,1.0,51.41073,-0.22592,2020-10-04 12:09:00.062859,London,UK
84909949,1000.0,GBP,1.0,1.0,51.42633,-0.06713000000000001,2020-10-04 12:09:00.062859,London,UK
97761458,1083.0,GBP,,1.0,51.492134,-0.01963,2020-10-04 12:09:00.062859,London,UK
71187012,1018.0,GBP,,1.0,51.55049,-0.16842000000000001,2020-10-04 12:09:00.062859,London,UK
52326990,1000.0,GBP,1.0,1.0,51.40064,-0.08211,2020-10-04 12:09:00.062859,London,UK
97630529,1083.0,GBP,1.0,1.0,51.58672,-0.22095,2020-10-04 12:09:00.062859,London,UK
82377505,1000.0,GBP,4.0,2.0,51.51426,-0.033756,2020-10-04 12:09:00.062859,London,UK
97337534,1000.0,GBP,1.0,1.0,51.576733,-0.018828,2020-10-04 12:09:00.062859,London,UK
97236959,1050.0,GBP,1.0,,51.58385,-0.04034,2020-10-04 12:09:00.062859,London,UK
73336200,1068.0,GBP,,1.0,51.59269000000001,-0.0801,2020-10-04 12:09:00.062859,London,UK
85381441,2145.0,GBP,2.0,2.0,51.55634000000001,-0.18636000000000005,2020-10-04 12:09:00.062859,London,UK
97148021,1018.0,GBP,,,51.492382,-0.136824,2020-10-04 12:09:00.062859,London,UK
85235044,1096.0,GBP,1.0,1.0,51.466064,-0.102183,2020-10-04 12:09:00.062859,London,UK
69151374,1040.0,GBP,,1.0,51.493613,-0.189473,2020-10-04 12:09:00.062859,London,UK
70428945,1062.0,GBP,3.0,1.0,51.47861,-0.12709,2020-10-04 12:09:00.062859,London,UK
70429392,1023.0,GBP,3.0,1.0,51.52625,-0.09803,2020-10-04 12:09:00.062859,London,UK
97050245,1050.0,GBP,1.0,1.0,51.505325,-0.26821100000000003,2020-10-04 12:09:00.062859,London,UK
94974227,1000.0,GBP,,1.0,51.57449,-0.20281,2020-10-04 12:09:00.062859,London,UK
85391140,1000.0,GBP,2.0,1.0,51.46596,-0.118504,2020-10-04 12:09:00.062859,London,UK
72792432,1000.0,GBP,,1.0,51.56161,-0.08227000000000001,2020-10-04 12:09:00.062859,London,UK
85338751,1000.0,GBP,,1.0,51.50376,-0.28974,2020-10-04 12:09:00.062859,London,UK
68674283,1000.0,GBP,,,51.51357,-0.30278000000000005,2020-10-04 12:09:00.062859,London,UK
73001240,1040.0,GBP,,,51.54973,-0.18331000000000008,2020-10-04 12:09:00.062859,London,UK
85053457,1000.0,GBP,1.0,1.0,51.651475,-0.07310799999999999,2020-10-04 12:09:00.062859,London,UK
84030931,1050.0,GBP,1.0,,51.54995,-0.15128000000000005,2020-10-04 12:09:00.062859,London,UK
95173160,1040.0,GBP,,,51.52524,-0.18745,2020-10-04 12:09:00.062859,London,UK
85354321,1035.0,GBP,,1.0,51.55649,-0.21637,2020-10-04 12:09:00.062859,London,UK
97957004,1083.0,GBP,,1.0,51.55485,-0.11473,2020-10-04 12:09:00.062859,London,UK
71787903,1083.0,GBP,,,51.558872,-0.196051,2020-10-04 12:09:00.062859,London,UK
84932689,1083.0,GBP,,1.0,51.549023,-0.146455,2020-10-04 12:09:00.062859,London,UK
96131135,1083.0,GBP,1.0,1.0,51.49027,-0.21116999999999997,2020-10-04 12:09:00.062859,London,UK
84920233,1000.0,GBP,1.0,1.0,51.60720300000001,-0.0014939999999999999,2020-10-04 12:09:00.062859,London,UK
85140127,1750.0,GBP,1.0,1.0,51.50607,-0.004202,2020-10-04 12:09:00.062859,London,UK
69503598,1075.0,GBP,,1.0,51.46475,0.0094,2020-10-04 12:09:00.062859,London,UK
83155742,1053.0,GBP,,1.0,51.54973,-0.18331000000000008,2020-10-04 12:09:00.062859,London,UK
97290461,1000.0,GBP,,1.0,51.441479,-0.109611,2020-10-04 12:09:00.062859,London,UK
67100681,1000.0,GBP,1.0,1.0,51.628773,-0.07575799999999999,2020-10-04 12:09:00.062859,London,UK
85334341,1898.0,GBP,2.0,1.0,51.453321,-0.151772,2020-10-04 12:09:00.062859,London,UK
83127694,1000.0,GBP,1.0,1.0,51.554653,-0.056272,2020-10-04 12:09:00.062859,London,UK
97142303,1050.0,GBP,1.0,1.0,51.43826,-0.00957,2020-10-04 12:09:00.062859,London,UK
83442019,1025.0,GBP,,,51.51537,-0.32159000000000004,2020-10-04 12:09:00.062859,London,UK
90596390,1050.0,GBP,1.0,,51.66165,-0.10191,2020-10-04 12:09:00.062859,London,UK
83826706,1062.0,GBP,,1.0,51.547463,-0.176449,2020-10-04 12:09:00.062859,London,UK
63887223,1050.0,GBP,,1.0,51.59567,-0.24168,2020-10-04 12:09:00.062859,London,UK
85160278,1083.0,GBP,,1.0,51.529377,-0.08054,2020-10-04 12:09:00.062859,London,UK
73437435,1050.0,GBP,,1.0,51.526976,-0.021494,2020-10-04 12:09:00.062859,London,UK
97088183,1050.0,GBP,1.0,1.0,51.508398,-0.328352,2020-10-04 12:09:00.062859,London,UK
85005436,1025.0,GBP,,1.0,51.60559,-0.19595,2020-10-04 12:09:00.062859,London,UK
73700918,1096.0,GBP,1.0,1.0,51.535366,-0.254918,2020-10-04 12:09:00.062859,London,UK
85081813,1000.0,GBP,,1.0,51.54857,-0.16648000000000002,2020-10-04 12:09:00.062859,London,UK
97959041,1096.0,GBP,,,51.495094,-0.197047,2020-10-04 12:09:00.062859,London,UK
84533302,1000.0,GBP,1.0,1.0,51.49981,-0.20544,2020-10-04 12:09:00.062859,London,UK
84572920,1000.0,GBP,1.0,1.0,51.463497,0.020507,2020-10-04 12:09:00.062859,London,UK
79836709,1000.0,GBP,,1.0,51.45905,-0.036050000000000006,2020-10-04 12:09:00.062859,London,UK
97263173,1005.0,GBP,3.0,2.0,51.52816,-0.18445,2020-10-04 12:09:00.062859,London,UK
92371247,1040.0,GBP,,,51.49318,-0.18988,2020-10-04 12:09:00.062859,London,UK
84211807,1083.0,GBP,,1.0,51.57,-0.2,2020-10-04 12:09:00.062859,London,UK
80830744,1050.0,GBP,1.0,1.0,51.501763,-0.215381,2020-10-04 12:09:00.062859,London,UK
73471068,1050.0,GBP,1.0,,51.55859,-0.008830000000000001,2020-10-04 12:09:00.062859,London,UK
97528733,1049.0,GBP,,1.0,51.51654,-0.0761,2020-10-04 12:09:00.062859,London,UK
97634279,1083.0,GBP,1.0,1.0,51.53658,-0.14201000000000005,2020-10-04 12:09:00.062859,London,UK
85235698,1095.0,GBP,,1.0,51.54867,-0.1224,2020-10-04 12:09:00.062859,London,UK
72987924,1049.0,GBP,1.0,1.0,51.611754,-0.11423399999999999,2020-10-04 12:09:00.062859,London,UK
62581679,1000.0,GBP,,,51.55919,-0.19649000000000005,2020-10-04 12:09:00.062859,London,UK
72130992,1083.0,GBP,,1.0,51.492681,-0.167158,2020-10-04 12:09:00.062859,London,UK
76701077,1040.0,GBP,,,51.54973,-0.18331000000000008,2020-10-04 12:09:00.062859,London,UK
82131895,1000.0,GBP,,1.0,51.55049,-0.16842000000000001,2020-10-04 12:09:00.062859,London,UK
74257846,1079.0,GBP,1.0,1.0,51.625543,-0.102612,2020-10-04 12:09:00.062859,London,UK
85276141,1062.0,GBP,,1.0,51.55385,-0.19382,2020-10-04 12:09:00.062859,London,UK
96499730,1083.0,GBP,,1.0,51.493811,-0.187718,2020-10-04 12:09:00.062859,London,UK
71161212,1049.0,GBP,,1.0,51.57288,-0.19768,2020-10-04 12:09:00.062859,London,UK
91813127,1050.0,GBP,,1.0,51.56515,-0.10099,2020-10-04 12:09:00.062859,London,UK
71552136,1000.0,GBP,1.0,1.0,51.520614,-0.07348299999999999,2020-10-04 12:09:00.062859,London,UK
98010029,1050.0,GBP,1.0,,51.58558,-0.02569,2020-10-04 12:09:00.062859,London,UK
94907756,1235.0,GBP,,1.0,51.51988,-0.21894,2020-10-04 12:09:00.062859,London,UK
73138506,2167.0,GBP,1.0,1.0,51.48278,-0.14607,2020-10-04 12:09:00.062859,London,UK
85049959,1018.0,GBP,1.0,1.0,51.55338,0.033962,2020-10-04 12:09:00.062859,London,UK
82339966,1275.0,GBP,1.0,1.0,51.57764,-0.11162000000000001,2020-10-04 12:09:00.062859,London,UK
85238431,1096.0,GBP,,1.0,51.53684000000001,-0.19645,2020-10-04 12:09:00.062859,London,UK
85301917,1083.0,GBP,,1.0,51.4921,-0.01936,2020-10-04 12:09:00.062859,London,UK
97264364,1005.0,GBP,4.0,1.0,51.47212,-0.17761000000000002,2020-10-04 12:09:00.062859,London,UK
97125149,1050.0,GBP,1.0,1.0,51.512531,-0.336951,2020-10-04 12:09:00.062859,London,UK
97899893,1000.0,GBP,,,51.51572,-0.16505999999999998,2020-10-04 12:09:00.062859,London,UK
73507362,1000.0,GBP,1.0,1.0,51.613448,-0.08217,2020-10-04 12:09:00.062859,London,UK
82405915,1000.0,GBP,1.0,1.0,51.49436,0.01344,2020-10-04 12:09:00.062859,London,UK
88615280,1075.0,GBP,1.0,1.0,51.426474,-0.14006300000000002,2020-10-04 12:09:00.062859,London,UK
97364090,1080.0,GBP,1.0,1.0,51.48136,-0.047330000000000004,2020-10-04 12:09:00.062859,London,UK
97389824,1083.0,GBP,,1.0,51.51282,-0.18636000000000005,2020-10-04 12:09:00.062859,London,UK
89284616,1005.0,GBP,1.0,,51.58685,-0.04224000000000002,2020-10-04 12:09:00.062859,London,UK
84401923,1050.0,GBP,,1.0,51.4456,-0.124552,2020-10-04 12:09:00.062859,London,UK
85308664,1025.0,GBP,,1.0,51.46869,-0.032040000000000006,2020-10-04 12:09:00.062859,London,UK
97663736,1050.0,GBP,,1.0,51.4577,0.01183,2020-10-04 12:09:00.062859,London,UK
73568103,1772.0,GBP,2.0,2.0,51.51203,-0.18606,2020-10-04 12:09:00.062859,London,UK
96773318,1000.0,GBP,,1.0,51.57649,-0.21601,2020-10-04 12:09:00.062859,London,UK
71552166,1000.0,GBP,1.0,1.0,51.519901,-0.068772,2020-10-04 12:09:00.062859,London,UK
66763669,1050.0,GBP,1.0,1.0,51.414338,-0.08787199999999999,2020-10-04 12:09:00.062859,London,UK
73760556,1040.0,GBP,,1.0,51.543593,-0.140651,2020-10-04 12:09:00.062859,London,UK
97148018,1062.0,GBP,,,51.492382,-0.136824,2020-10-04 12:09:00.062859,London,UK
85267066,1000.0,GBP,,1.0,51.553618,-0.141254,2020-10-04 12:09:00.062859,London,UK
84443869,1001.0,GBP,,1.0,51.57559000000001,-0.10131,2020-10-04 12:09:00.062859,London,UK
94514717,1018.0,GBP,,1.0,51.535305,-0.139179,2020-10-04 12:09:00.062859,London,UK
82200535,1050.0,GBP,1.0,,51.388857,-0.09031,2020-10-04 12:09:00.062859,London,UK
73035981,1075.0,GBP,,1.0,51.604489,-0.195422,2020-10-04 12:09:00.062859,London,UK
81474691,1050.0,GBP,1.0,1.0,51.620098,-0.195511,2020-10-04 12:09:00.062859,London,UK
72871304,1049.0,GBP,,,51.54973,-0.18331000000000008,2020-10-04 12:09:00.062859,London,UK
72982314,1018.0,GBP,,1.0,51.565177,-0.103528,2020-10-04 12:09:00.062859,London,UK
83683600,1000.0,GBP,1.0,1.0,51.506126,-0.31733,2020-10-04 12:09:00.062859,London,UK
97316693,1000.0,GBP,1.0,,51.50102,0.0852,2020-10-04 12:09:00.062859,London,UK
91616393,1018.0,GBP,,,51.49523,-0.13174000000000002,2020-10-04 12:09:00.062859,London,UK
84129976,1000.0,GBP,1.0,1.0,51.580658,0.019247,2020-10-04 12:09:00.062859,London,UK
81968332,1083.0,GBP,1.0,1.0,51.50357,-0.27988,2020-10-04 12:09:00.062859,London,UK
64300597,1000.0,GBP,,1.0,51.596018,-0.176175,2020-10-04 12:09:00.062859,London,UK
73671636,1050.0,GBP,,,51.51958,-0.22299000000000002,2020-10-04 12:09:00.062859,London,UK
97750058,1095.0,GBP,,1.0,51.53503,-0.139335,2020-10-04 12:09:00.062859,London,UK
97716137,1040.0,GBP,,,51.55919,-0.19649000000000005,2020-10-04 12:09:00.062859,London,UK
94366430,1062.0,GBP,,,51.49899,-0.19339,2020-10-04 12:09:00.062859,London,UK
97263842,1092.0,GBP,4.0,1.0,51.52922,-0.1204,2020-10-04 12:09:00.062859,London,UK
97338533,1095.0,GBP,1.0,1.0,51.41815,-0.08598,2020-10-04 12:09:00.062859,London,UK
70430367,1023.0,GBP,4.0,1.0,51.46969,-0.18318,2020-10-04 12:09:00.062859,London,UK
85132093,1000.0,GBP,1.0,1.0,51.46083,-0.055685000000000005,2020-10-04 12:09:00.062859,London,UK
45541431,1000.0,GBP,1.0,,51.53925,0.04873,2020-10-04 12:09:00.062859,London,UK
96651572,1050.0,GBP,1.0,1.0,51.45827,-0.12370999999999999,2020-10-04 12:09:00.062859,London,UK
85276075,1045.0,GBP,,,51.59043,-0.10185,2020-10-04 12:09:00.062859,London,UK
97860608,1000.0,GBP,,,51.54893,-0.22502000000000005,2020-10-04 12:09:00.062859,London,UK
97616084,1000.0,GBP,1.0,1.0,51.614898,-0.24771,2020-10-04 12:09:00.062859,London,UK
72318863,1000.0,GBP,1.0,,51.5875,-0.02229,2020-10-04 12:09:00.062859,London,UK
70428966,1057.0,GBP,3.0,2.0,51.52244,-0.20991,2020-10-04 12:09:00.062859,London,UK
85061572,1000.0,GBP,1.0,1.0,51.50703,-0.043537,2020-10-04 12:09:00.062859,London,UK
72311694,1096.0,GBP,1.0,,51.47368,-0.07243000000000001,2020-10-04 12:09:00.062859,London,UK
85163308,1050.0,GBP,1.0,1.0,51.487163,0.067465,2020-10-04 12:09:00.062859,London,UK
72973664,1040.0,GBP,,,51.54973,-0.18331000000000008,2020-10-04 12:09:00.062859,London,UK
96467660,1050.0,GBP,1.0,,51.51114000000001,-0.33429000000000003,2020-10-04 12:09:00.062859,London,UK
84928765,1096.0,GBP,1.0,1.0,51.5169,-0.05403,2020-10-04 12:09:00.062859,London,UK
73537917,1092.0,GBP,1.0,1.0,51.549088,-0.204031,2020-10-04 12:09:00.062859,London,UK
78277217,1050.0,GBP,1.0,1.0,51.5858,-0.0017200000000000002,2020-10-04 12:09:00.062859,London,UK
98023007,1053.0,GBP,1.0,1.0,51.586993,-0.041645,2020-10-04 12:09:00.062859,London,UK
97619762,1000.0,GBP,1.0,1.0,51.54525,-0.09955,2020-10-04 12:09:00.062859,London,UK
98012183,1062.0,GBP,1.0,1.0,51.590904,-0.06929,2020-10-04 12:09:00.062859,London,UK
55002913,1010.0,GBP,,,51.42558,-0.12307,2020-10-04 12:09:00.062859,London,UK
73265382,1060.0,GBP,,1.0,51.56338,-0.09187000000000001,2020-10-04 12:09:00.062859,London,UK
97263824,1075.0,GBP,3.0,1.0,51.49409,-0.20281,2020-10-04 12:09:00.062859,London,UK
96558731,1000.0,GBP,1.0,1.0,51.65202,-0.074268,2020-10-04 12:09:00.062859,London,UK
65900859,1025.0,GBP,1.0,1.0,51.612833,-0.06992999999999999,2020-10-04 12:09:00.062859,London,UK
85087414,1083.0,GBP,,1.0,51.51274,-0.19285,2020-10-04 12:09:00.062859,London,UK
73176861,1000.0,GBP,1.0,1.0,51.43992100000001,0.076434,2020-10-04 12:09:00.062859,London,UK
83084785,1018.0,GBP,,,51.52393,-0.16097999999999998,2020-10-04 12:09:00.062859,London,UK
73397511,1018.0,GBP,,1.0,51.56156,-0.09584,2020-10-04 12:09:00.062859,London,UK
97759607,1040.0,GBP,,,51.54973,-0.18331000000000008,2020-10-04 12:09:00.062859,London,UK
70431273,1040.0,GBP,3.0,1.0,51.53333,-0.08,2020-10-04 12:09:00.062859,London,UK
73680615,2514.0,GBP,1.0,1.0,51.489078000000006,-0.14764000000000002,2020-10-04 12:09:00.062859,London,UK
97165904,1040.0,GBP,1.0,1.0,51.5375,-0.18913,2020-10-04 12:09:00.062859,London,UK
97049219,1000.0,GBP,4.0,3.0,51.50629,-0.036094,2020-10-04 12:09:00.062859,London,UK
73041195,1083.0,GBP,1.0,,51.48816,-0.05641,2020-10-04 12:09:00.062859,London,UK
97028984,1083.0,GBP,,1.0,51.51817,-0.19566000000000008,2020-10-04 12:09:00.062859,London,UK
96560294,1000.0,GBP,1.0,1.0,51.576306,-0.014513,2020-10-04 12:09:00.062859,London,UK
73444224,1000.0,GBP,,1.0,51.43759,-0.14905000000000002,2020-10-04 12:09:00.062859,London,UK
73400415,1000.0,GBP,1.0,1.0,51.429772,0.06443,2020-10-04 12:09:00.062859,London,UK
72956294,1044.0,GBP,,,51.54973,-0.18331000000000008,2020-10-04 12:09:00.062859,London,UK
85338700,1015.0,GBP,,1.0,51.49201,-0.19956,2020-10-04 12:09:00.062859,London,UK
71666826,1095.0,GBP,,,51.45247,-0.11765,2020-10-04 12:09:00.062859,London,UK
85056136,1000.0,GBP,,1.0,51.51587,-0.209674,2020-10-04 12:09:00.062859,London,UK
58611533,1050.0,GBP,1.0,1.0,51.58434000000001,-0.07540000000000001,2020-10-04 12:09:00.062859,London,UK
93084485,1000.0,GBP,,1.0,51.41498,-0.052320000000000005,2020-10-04 12:09:00.062859,London,UK
73743327,2383.0,GBP,2.0,,51.5127,-0.1811,2020-10-04 12:09:00.062859,London,UK
85385887,1300.0,GBP,2.0,1.0,51.481218,-0.049254,2020-10-04 12:09:00.062859,London,UK
72687639,1058.0,GBP,,1.0,51.545928,-0.172454,2020-10-04 12:09:00.062859,London,UK
96799895,1000.0,GBP,,1.0,51.44202,-0.15607000000000001,2020-10-04 12:09:00.062859,London,UK
77412728,1005.0,GBP,,,51.5499,-0.18272,2020-10-04 12:09:00.062859,London,UK
84936679,1083.0,GBP,,1.0,51.55005300000001,-0.147583,2020-10-04 12:09:00.062859,London,UK
78546088,1025.0,GBP,,1.0,51.585388,-0.102363,2020-10-04 12:09:00.062859,London,UK
97278854,1000.0,GBP,,1.0,51.45837,-0.22086000000000008,2020-10-04 12:09:00.062859,London,UK
85045738,1040.0,GBP,1.0,1.0,51.58855,-0.23459000000000002,2020-10-04 12:09:00.062859,London,UK
73175628,1050.0,GBP,1.0,1.0,51.40999,-0.08732999999999999,2020-10-04 12:09:00.062859,London,UK
81893009,1050.0,GBP,1.0,1.0,51.613323,-0.082233,2020-10-04 12:09:00.062859,London,UK
97716062,1079.0,GBP,,,51.52524,-0.18745,2020-10-04 12:09:00.062859,London,UK
82911713,1096.0,GBP,1.0,1.0,51.61622,-0.10612,2020-10-04 12:09:00.062859,London,UK
78641563,1083.0,GBP,,1.0,51.496255,-0.190076,2020-10-04 12:09:00.062859,London,UK
84936121,1084.0,GBP,,1.0,51.492143,-0.167623,2020-10-04 12:09:00.062859,London,UK
71617179,1062.0,GBP,1.0,1.0,51.488857,-0.069716,2020-10-04 12:09:00.062859,London,UK
96773249,1000.0,GBP,,1.0,51.57649,-0.21601,2020-10-04 12:09:00.062859,London,UK
72006102,1083.0,GBP,,1.0,51.5167,-0.157599,2020-10-04 12:09:00.062859,London,UK
4748057,1083.0,GBP,,,51.53254,-0.03765,2020-10-04 12:09:00.062859,London,UK
72973694,1044.0,GBP,,,51.54973,-0.18331000000000008,2020-10-04 12:09:00.062859,London,UK
93250412,1000.0,GBP,1.0,1.0,51.50999,-0.331877,2020-10-04 12:09:00.062859,London,UK
97779914,1083.0,GBP,,1.0,51.41665,-0.19549,2020-10-04 12:09:00.062859,London,UK
97604696,1050.0,GBP,1.0,1.0,51.43726,0.013090000000000001,2020-10-04 12:09:00.062859,London,UK
96903029,1050.0,GBP,1.0,1.0,51.57319,-0.05927,2020-10-04 12:09:00.062859,London,UK
18928755,1000.0,GBP,1.0,1.0,51.40854,-0.21249,2020-10-04 12:09:00.062859,London,UK
97849880,1000.0,GBP,1.0,1.0,51.620536,-0.25588099999999997,2020-10-04 12:09:00.062859,London,UK
73546080,1040.0,GBP,,1.0,51.54123,-0.1176,2020-10-04 12:09:00.062859,London,UK
60381876,1000.0,GBP,1.0,,51.52249000000001,-0.030780000000000002,2020-10-04 12:09:00.062859,London,UK
82042073,1000.0,GBP,1.0,1.0,51.41868,-0.05288,2020-10-04 12:09:00.062859,London,UK
66298683,1050.0,GBP,1.0,1.0,51.45635,-0.02033,2020-10-04 12:09:00.062859,London,UK
97851341,1075.0,GBP,1.0,1.0,51.48688,0.0556,2020-10-04 12:09:00.062859,London,UK
84911818,1083.0,GBP,15.0,15.0,51.514397,-0.17297,2020-10-04 12:09:00.062859,London,UK
63721299,1000.0,GBP,,1.0,51.534172,-0.231881,2020-10-04 12:09:00.062859,London,UK
83317168,1084.0,GBP,,1.0,51.493037,-0.195705,2020-10-04 12:09:00.062859,London,UK
92174396,1049.0,GBP,1.0,,51.492431,-0.216583,2020-10-04 12:09:00.062859,London,UK
96859940,1040.0,GBP,,,51.49246,-0.18991,2020-10-04 12:09:00.062859,London,UK
84039868,1050.0,GBP,1.0,1.0,51.622855,-0.257517,2020-10-04 12:09:00.062859,London,UK
96504470,1050.0,GBP,1.0,1.0,51.599,-0.195,2020-10-04 12:09:00.062859,London,UK
71262945,1053.0,GBP,,1.0,51.59393,-0.25156,2020-10-04 12:09:00.062859,London,UK
96987314,1000.0,GBP,1.0,1.0,51.491566,-0.255605,2020-10-04 12:09:00.062859,London,UK
72920961,1055.0,GBP,4.0,,51.526826,-0.108704,2020-10-04 12:09:00.062859,London,UK
95401727,1019.0,GBP,,,51.492244,-0.136953,2020-10-04 12:09:00.062859,London,UK
80436970,1019.0,GBP,,1.0,51.49392,-0.241432,2020-10-04 12:09:00.062859,London,UK
